valence,year,acousticness,artists_combined,danceability,duration_ms,energy,explicit,id,instrumentalness,key,liveness,loudness,mode,name,popularity,release_date,speechiness,tempo,artist_count,artist_1,genre,anomaly
0.784,1925,0.81,['Tommy Dorsey'],0.526,239133,0.428,0,0ldgrcj6lJNJLA0VMN73WL,0.86,8,0.785,-10.731,1,Easy Does It,2,1/1/1925,0.317,176.681,1,Tommy Dorsey,Big band,-1
0.775,1928,0.912,['Benny Goodman'],0.618,255227,0.829,0,3aNe3EWNK7GACBChhcxjJ2,0.871,7,0.964,-7.57,0,Roll 'Em,14,1/1/1928,0.109,98.192,1,Benny Goodman,swing,-1
0.627,1928,0.933,['Benny Goodman'],0.606,172893,0.827,0,1K2ZlQqdW2h6ax9fye2vaw,0.898,1,0.935,-9.035,1,King Porter Stomp,14,1/1/1928,0.174,118.9,1,Benny Goodman,swing,-1
0.0383,1928,0.984,['Benny Goodman'],0.223,170133,0.332,0,3yQQfTwnX90jjxaNJA90TL,0.853,4,0.946,-9.581,1,Goodbye,10,1/1/1928,0.043,62.153,1,Benny Goodman,swing,-1
0.961,1934,0.991,['Louis Armstrong'],0.697,160470,0.404,0,0Y4XuSc5sdrH14rFyaFJaK,0.723,7,0.748,-10.104,1,St. Louis Blues,14,1/1/1934,0.378,127.859,1,Louis Armstrong,jazz,-1
0.435,1938,0.646,['Benny Goodman'],0.58,55227,0.889,0,5Eum7gvyrgRdWS9to9c08K,0.819,7,0.427,-11.911,1,Shine - Live,10,1/1/1938,0.694,176.195,1,Benny Goodman,swing,-1
0.297,1938,0.473,['Benny Goodman'],0.367,52200,0.94,0,6uidiSJ2xvXO6VPLDax7nR,0.774,0,0.421,-13.034,1,When My Baby Smiles at Me - Live,10,1/1/1938,0.372,185.574,1,Benny Goodman,swing,-1
1e-05,1938,0.0132,['Benny Goodman'],0.175,41240,0.999,0,6WZeWvIq7tPj2WwlCLwTEh,0.916,10,0.518,-19.789,0,"Applause, Transition to Twenty Years of Jazz - Live",9,1/1/1938,0.471,82.808,1,Benny Goodman,swing,-1
0.0374,1938,8.96e-05,['Benny Goodman'],0.248,39560,0.516,0,2OCiQGct4wAUOQcHmSkHif,0.849,10,0.41,-25.254,0,Setting Up for Jam Session - Live,8,1/1/1938,0.354,85.935,1,Benny Goodman,swing,-1
1e-05,1938,0.88,['Benny Goodman'],0.298,73933,1.0,0,4jmpeJO5XS9MukFzhARGrS,0.889,6,0.403,-19.537,1,Applause; Benny Goodman's 'No Encore' Announcement - Live,7,1/1/1938,0.095,93.226,1,Benny Goodman,swing,-1
0.0171,1938,0.00985,['Benny Goodman'],0.191,59933,0.884,0,5vMr5fkLJIk7u0hqQKcI2f,0.843,1,0.412,-24.609,1,Applause; Setting Up & Tuning Up for BG Small Groups - Live,7,1/1/1938,0.486,79.205,1,Benny Goodman,swing,-1
1e-05,1938,0.461,['Benny Goodman'],0.201,62827,0.985,0,1RGSi9aDO691Hxb90Yi9VG,0.561,1,0.974,-25.159,1,Applause Until Encores - Live,6,1/1/1938,0.095,106.169,1,Benny Goodman,swing,-1
0.149,1938,0.646,['Benny Goodman'],0.497,732333,0.491,0,33izy4mhfEZe8oWuMmv8PD,0.781,11,0.979,-12.128,1,"Sing, Sing, Sing - Live",9,1/1/1938,0.115,109.325,1,Benny Goodman,swing,-1
1e-05,1938,0.835,['Benny Goodman'],0.264,41093,1.0,0,3RFogvPJRYXVCv9qlotTKK,0.693,11,0.951,-22.887,0,Applause; Transition Back to Goodman Orchestra for Finale - Live,5,1/1/1938,0.0722,52.339,1,Benny Goodman,swing,-1
0.0144,1938,0.00114,['Benny Goodman'],0.165,32173,0.664,0,5zwbTwolXfieUvPv8QkhET,0.9,6,0.381,-26.748,0,Applause; Setting-up for BG Small Groups - Live,6,1/1/1938,0.153,78.645,1,Benny Goodman,swing,-1
0.849,1938,0.985,['Benny Goodman'],0.716,22973,0.214,0,0Flc3LqCcD5yvp6tFcGHz2,0.0,3,0.154,-21.489,1,Avalon - Live,0,1/1/1938,0.946,60.555,1,Benny Goodman,swing,-1
0.901,1939,0.99,['Harry James'],0.439,148893,0.419,0,5XlfPTphooPiHuIECZQ5iQ,0.923,5,0.907,-13.656,1,Ciribiribin (They're So In Love),20,1/1/1939,0.217,207.68,1,Harry James,swing,-1
0.538,1939,0.824,['Benny Goodman'],0.651,565533,0.343,0,6IsyKAfcH79ND0W7d8r2y6,0.804,10,0.881,-16.812,1,Sing Sing Sing (With a Swing) - Live,10,1/1/1939,0.111,112.366,1,Benny Goodman,swing,-1
0.88,1939,0.99,['Harry James'],0.528,149493,0.501,0,676EgoYzsraev20cq1wqko,0.913,5,0.9,-11.188,1,Ciribiribin (They're So In Love),4,1/1/1939,0.167,102.721,1,Harry James,swing,-1
0.393,1943,0.979,['Frank Sinatra'],0.584,89267,0.175,0,10EtiDDUz7GoRRpGD3vQpj,0.0,2,0.746,-19.122,1,Night And Day (Show Opening),10,1/1/1943,0.752,117.984,1,Frank Sinatra,swing,-1
0.0356,1950,0.945,"['Stan Kenton', 'June Christy']",0.151,263560,0.0611,0,1afaBH70jAwIC2qz5DVBmN,0.577,0,0.376,-18.26,1,Conflict,11,1/1/1950,0.0425,181.341,2,Stan Kenton,West Coast jazz,-1
0.0489,1963,0.994,['Bill Evans'],0.389,385493,0.0288,0,5O4qjToldZVIOHF8U3O2bD,0.923,5,0.0793,-26.056,0,Like Someone In Love,44,1/1/1963,0.0603,80.181,1,Bill Evans,modal jazz,-1
0.873,1965,0.789,['Duane Eddy'],0.388,153533,0.434,0,4nAJtcmiyoL0ARY5WZY9IN,0.954,7,0.728,-11.997,1,Rebel Rouser,52,11/24/1965,0.0354,206.313,1,Duane Eddy,rockabilly,-1
0.928,1965,0.822,['Duane Eddy'],0.408,153933,0.497,0,7jZwak3w1Sbwkb8aqusUwi,0.839,7,0.718,-10.092,1,Rebel Rouser,47,3/4/1965,0.0374,204.592,1,Duane Eddy,rockabilly,-1
0.646,1967,0.851,['Arlo Guthrie'],0.561,1116933,0.366,0,4OjKHySJHstsImlUW3qfml,0.0,9,0.813,-14.14,1,Alice's Restaurant Massacree,50,8/28/1967,0.327,78.659,1,Arlo Guthrie,Folk,-1
0.281,1968,0.000606,['The Beatles'],0.166,269787,0.831,0,0Bs0hUYxz7REyIHH7tRhL2,0.846,9,0.811,-8.469,1,Helter Skelter - Remastered 2009,62,11/22/1968,0.0894,167.518,1,The Beatles,Rock,-1
0.152,1968,0.425,['The Beatles'],0.792,52973,0.763,0,6j67aNAPeQ31uw4qw4rpLa,0.627,2,0.789,-11.185,1,Wild Honey Pie - Remastered 2009,49,11/22/1968,0.0506,89.9,1,The Beatles,Rock,-1
0.0312,1973,0.362,['Pink Floyd'],0.592,65314,0.0196,1,574y1r7o2tRA009FW0LE7v,0.854,1,0.108,-33.35,1,Speak to Me,61,3/1/1973,0.0358,119.504,1,Pink Floyd,psychedelia,-1
0.127,1975,0.577,['Pink Floyd'],0.287,747325,0.485,0,21j1PsCiTaO8ZW88UZrh3A,0.898,7,0.322,-13.155,0,Shine On You Crazy Diamond (Pts. 6-9),57,9/12/1975,0.0498,135.86,1,Pink Floyd,psychedelia,-1
0.0616,1977,0.0648,['Pink Floyd'],0.28,619079,0.716,0,55e99bv2wlgTYtNEYHWtN1,0.512,9,0.512,-12.095,0,Sheep,53,1/23/1977,0.0986,135.409,1,Pink Floyd,psychedelia,-1
0.0393,1979,0.0847,['Pink Floyd'],0.302,255934,0.111,0,3QEWEv1tvHmVgsT5THpGDn,0.777,9,0.621,-19.78,0,Don't Leave Me Now,54,11/30/1979,0.0349,123.021,1,Pink Floyd,psychedelia,-1
0.633,1982,0.000692,['Bad Brains'],0.0936,132787,0.719,1,0YnP5BtP6lTwQV8gLOzaov,0.815,9,0.096,-12.042,0,Banned in D.C.,54,1/1/1982,0.0397,77.999,1,Bad Brains,alternative metal,-1
0.0754,1982,0.00251,['Bad Brains'],0.139,115040,0.795,1,4P8n1pWj2xQnaBjy1rvZ3o,4.72e-05,0,0.614,-12.428,1,Sailin' On,51,1/1/1982,0.0581,82.083,1,Bad Brains,alternative metal,-1
0.0451,1983,0.932,['Brian Eno'],0.257,266200,0.0906,0,1vgSaC0BPlL6LEm4Xsx59J,0.985,8,0.0786,-25.381,1,An Ending (Ascent) - Remastered 2005,59,7/1/1983,0.07,67.46,1,Brian Eno,Ambient,-1
0.053,1986,0.992,['Harold Budd'],0.196,138427,0.00687,0,4KyJQKAFvEH4F52qSMuwIF,0.917,7,0.106,-34.255,1,Olancha Farewell,54,1/1/1986,0.0442,72.125,1,Harold Budd,Minimalism,-1
0.0381,1990,0.00195,['Suicidal Tendencies'],0.281,348093,0.958,1,203xxdlledLFnkqrUleD72,4.69e-05,4,0.0915,-10.798,0,You Can't Bring Me Down,54,7/2/1990,0.375,136.851,1,Suicidal Tendencies,website=AllMusic,-1
0.841,1997,0.00356,['Daft Punk'],0.956,429533,0.795,0,1pKYYY0dkg23sQQXi0Q5zN,0.889,7,0.0906,-5.311,1,Around the World,71,1/16/1997,0.15,121.294,1,Daft Punk,electronic,-1
0.67,2019,0.594,['Frank Ocean'],0.861,133680,0.647,1,4S4Mfvv03M1cHgIOJcbUCL,0.661,7,0.114,-7.425,1,In My Room,79,11/2/2019,0.0675,158.037,1,Frank Ocean,pop,-1
0.761,2019,0.0849,['NLE Choppa'],0.787,148759,0.713,1,4sWuPniHClkInYAnzXAYUF,0.0,7,0.717,-5.252,1,Camelot,75,9/13/2019,0.401,175.046,1,NLE Choppa,Hip hop,-1
0.96,1935,0.983,['Lead Belly'],0.578,61309,0.498,0,0fKGVC2wR7Y9OtwPnkFnhJ,0.849,3,0.262,-13.15,1,Boll Weevil (273-A-1),1,1/1/1935,0.247,194.746,1,Lead Belly,folk,-1
0.00213,1938,0.895,['Benny Goodman'],0.208,21040,0.999,0,2FnSJPoTbC0wi1oYF8GhNx,0.858,10,0.953,-18.687,0,Applause for Second Encore - Live,0,1/1/1938,0.0635,93.605,1,Benny Goodman,swing,-1
1e-05,1938,0.636,['Benny Goodman'],0.2,23560,0.999,0,2NBCbZg7Bwa0NThk43OWSp,0.743,7,0.95,-23.878,1,Applause; BG Quartet Continues but Change Program - Live,0,1/1/1938,0.202,76.544,1,Benny Goodman,swing,-1
0.00311,1938,0.599,['Benny Goodman'],0.269,21733,0.999,0,30sixQcUtHCZg3wvFLUDU8,0.464,1,0.953,-17.565,1,Applause; Transition Back to Goodman Orchestra - Live,0,1/1/1938,0.0446,77.509,1,Benny Goodman,swing,-1
0.0,1938,0.0,['Benny Goodman'],0.0,5991,0.0,0,3IcXTeq9O2dpsSXsDj9naH,0.0,0,0.0,-60.0,0,Pause Track - Live,0,1/1/1938,0.0,0.0,1,Benny Goodman,swing,-1
1e-05,1938,0.315,['Benny Goodman'],0.305,26640,1.0,0,4MeVaz1Ki3nEofHif86bAd,0.717,9,0.366,-20.422,0,Applause as Lionel Hampton Enters - Live,0,1/1/1938,0.237,123.257,1,Benny Goodman,swing,-1
0.0,1938,0.0,['Benny Goodman'],0.0,6362,0.0,0,523qs4UcGlQ6ycdha1VGqs,0.0,0,0.0,-60.0,0,Pause Track - Live,0,1/1/1938,0.0,0.0,1,Benny Goodman,swing,-1
0.139,1938,0.992,['Lead Belly'],0.312,318955,0.598,0,59EEKQf9WvRcpX8way27lI,0.0019,4,0.372,-15.601,1,Dick Licker's Holler (154-A),1,1/1/1938,0.881,77.351,1,Lead Belly,folk,-1
0.609,1942,0.927,"['Lata Mangeshkar', 'Kishore Kumar']",0.273,206947,0.78,0,0UE2kePV0rCTllG3JfHgT6,0.888,0,0.666,-6.835,0,Jai Bholenath Jai Ho Prabhu,1,12/1/1942,0.0868,84.751,2,Lata Mangeshkar,classical,-1
0.579,1943,0.988,['Lata Mangeshkar'],0.518,170480,0.0939,0,429fOH7czSy6kCW5CTuKxX,0.936,1,0.327,-16.116,0,Ka Rusava Ha Lataka,0,12/1/1943,0.171,70.405,1,Lata Mangeshkar,classical,-1
0.0388,1958,0.903,"['Louis Armstrong', 'Ella Fitzgerald']",0.134,650667,0.151,0,159pOXfbpvaeyjsxKM37i6,0.784,1,0.353,-15.936,1,Porgy And Bess: Overture,30,1/1/1958,0.0396,76.52,2,Louis Armstrong,jazz,-1
0.453,1959,0.996,['Bill Evans'],0.493,41707,0.0771,0,6C1kvVTbIWMwvLYSzc9ypg,0.938,2,0.286,-21.685,0,Epilogue,31,1/1/1959,0.233,65.894,1,Bill Evans,modal jazz,-1
0.101,1968,0.769,['The Beatles'],0.208,502013,0.615,0,5dZ8PeKKZJLIQAWNTdp8WX,0.118,2,0.824,-15.297,0,Revolution 9 - Remastered 2009,46,11/22/1968,0.342,91.158,1,The Beatles,Rock,-1
0.0352,1968,0.227,['Pink Floyd'],0.137,716693,0.778,0,0OtkNB4TnTzrlid4zipYDV,0.9,11,0.106,-12.711,1,A Saucerful of Secrets,46,6/29/1968,0.211,87.705,1,Pink Floyd,psychedelia,-1
0.145,1972,0.917,['Nick Drake'],0.578,81067,0.0226,0,4XFZey4zmgQV551M0hfaUg,0.823,1,0.139,-20.664,1,Horn,50,2/25/1972,0.173,137.052,1,Nick Drake,Folk,-1
0.113,1974,0.105,['Kraftwerk'],0.333,1367093,0.497,0,31uidLEHAcF8Cw1cX1VCS8,0.872,2,0.129,-15.606,1,Autobahn - 2009 Remaster,48,1/1/1974,0.0366,81.681,1,Kraftwerk,Electronic,-1
0.0368,1978,0.982,['Brian Eno'],0.26,1041520,0.00397,0,3bCmDqflFBHijgJfvtqev5,0.913,2,0.102,-31.095,1,1/1 - Remastered 2004,51,1/1/1978,0.0406,82.862,1,Brian Eno,Ambient,-1
0.0333,1978,0.945,['Brian Eno'],0.119,534213,0.0758,0,1Qr6LFKNBFNNa2y6nMDO31,0.973,8,0.0497,-23.943,1,2/1 - Remastered 2004,46,1/1/1978,0.0536,94.577,1,Brian Eno,Ambient,-1
0.0572,1978,0.976,['Brian Eno'],0.063,578467,0.0295,0,3QpN3dazIcMNqru0L1qLMt,0.947,2,0.108,-25.697,0,2/2 - Remastered 2004,44,1/1/1978,0.0361,67.369,1,Brian Eno,Ambient,-1
0.0371,1978,0.972,['Brian Eno'],0.133,727080,0.0159,0,5z1E46RvhI34TTM2FDMPrp,0.943,5,0.089,-25.925,0,1/2 - Remastered 2004,44,1/1/1978,0.0481,80.176,1,Brian Eno,Ambient,-1
0.164,1980,0.991,"['Harold Budd', 'Brian Eno']",0.125,426533,0.0108,0,0r4FEHukFd50r43uTuYmHY,0.945,0,0.057,-32.126,1,First Light - 2004 Digital Remaster,45,1/1/1980,0.0376,71.332,2,Harold Budd,Minimalism,-1
0.0592,1983,0.992,['Brian Eno'],0.149,480280,0.0271,0,1cWHaz5GDrhfnkXTIYlGHh,0.932,5,0.0632,-33.771,1,Stars - Remastered 2005,46,7/1/1983,0.0487,82.003,1,Brian Eno,Ambient,-1
0.0388,1983,0.378,['Pink Floyd'],0.364,77030,0.0297,0,2rcpqbAf0ZXdgddldbu1sU,0.8,2,0.113,-25.35,1,One of the Few,44,3/21/1983,0.0417,172.049,1,Pink Floyd,psychedelia,-1
0.0298,1984,0.989,"['Harold Budd', 'Brian Eno']",0.115,292213,0.00151,0,50mwGp3PgKoZldhBvfy2cf,0.82,10,0.112,-36.995,0,Against The Sky - 2005 Digital Remaster,51,1/1/1984,0.0454,69.634,2,Harold Budd,Minimalism,-1
0.0454,1987,0.263,['GG Allin'],0.29,211227,0.939,1,7JQKj4FveKAYgk1UzW8Vo3,0.44,11,0.274,-5.545,0,Bite It You Scum,45,4/15/1987,0.0689,101.984,1,GG Allin,shock rock,-1
0.166,1989,0.000367,['The Stone Roses'],0.731,594453,0.875,0,2mv6GY70UsHiTCGQZ4JfgC,0.858,7,0.289,-6.393,1,Fools Gold - Remastered,61,5/2/1989,0.0459,112.775,1,The Stone Roses,alternative rock,-1
0.0918,1989,0.000169,['Red Hot Chili Peppers'],0.167,229960,0.975,1,0tp9eoX9x9RZ2STDVarBBs,0.0161,2,0.172,-4.279,1,Nobody Weird Like Me - Remastered,53,8/16/1989,0.216,199.06,1,Red Hot Chili Peppers,funk metal,-1
0.362,1990,3.45e-05,['Pantera'],0.304,286693,0.912,1,4c6yZLnA730uJgQf9fTW2M,0.853,11,0.113,-13.313,0,Heresy,49,7/20/1990,0.0438,173.098,1,Pantera,heavy metal,-1
0.343,1993,0.826,['Adam Sandler'],0.396,228133,0.577,0,10zEjN1uWiYKSLo01BGlJx,0.0,6,0.954,-13.277,1,The Thanksgiving Song,46,9/24/1993,0.823,88.212,1,Adam Sandler,surreal humor,-1
0.48,1996,0.388,['DJ Shadow'],0.613,399027,0.832,1,4cucslsiEgezV2o900Ykg3,0.95,8,0.0865,-9.187,1,Building Steam With A Grain Of Salt,54,1/1/1996,0.0281,164.876,1,DJ Shadow,abstract hip-hop,-1
0.232,2001,0.433,['Immortal Technique'],0.673,579293,0.871,1,7MDUVH4ITohsIjdynRwCJp,0.0,1,0.477,-5.781,0,Dance With the Devil,58,9/18/2001,0.415,89.186,1,Immortal Technique,Hip hop,-1
0.722,2009,0.193,['The Notorious B.I.G.'],0.433,217000,0.862,1,6jCGzZn0gFeRlbqdaJhw6T,0.0,1,0.604,-3.89,0,Party and Bullshit - 2008 Remaster,63,1/12/2009,0.412,200.817,1,The Notorious B.I.G.,Hip hop,-1
0.0376,2011,0.993,['C418'],0.129,65000,0.00376,0,7K7E7LKK51PezScgsvVg9Y,0.382,3,0.0774,-41.766,0,Key,61,3/4/2011,0.0379,147.148,1,C418,Ambient,-1
0.0634,2012,0.581,['The Weeknd'],0.287,363640,0.498,1,7xqANDRz8JFxkwfY65WISy,7.56e-05,6,0.322,-7.523,0,Loft Music,63,1/1/2012,0.177,171.725,1,The Weeknd,Pop,-1
0.633,1932,0.331,"['Jack Teagarden', 'Red Nichols & His Five Pennies']",0.584,163413,0.19,0,62KT1mZLaLBegYv0ufMUNl,0.776,8,0.0473,-15.188,1,Keep a Song In Your Soul,0,12/6/1932,0.471,206.293,2,Jack Teagarden,dixieland,-1
0.85,1937,0.99,['Harry James'],0.611,149147,0.419,0,5RP52cZzHKA1ECZg325efP,0.902,5,0.879,-13.556,1,Ciribiribin (They're So In Love),0,1/1/1937,0.133,103.924,1,Harry James,swing,-1
1e-05,1938,0.785,['Benny Goodman'],0.158,21467,1.0,0,6DQ5ZjqGTNCyUWQ3hjOB6r,0.933,0,0.952,-17.484,1,Applause; Martha Tilton Returns to Stage - Live,0,1/1/1938,0.0635,104.097,1,Benny Goodman,swing,-1
0.92,1949,0.986,"['Lata Mangeshkar', 'Mohammed Rafi', 'G. M. Durrani']",0.443,352760,0.715,0,1EuVPFhrZHKpx9Mj8HQW4y,0.849,8,0.89,-8.767,0,"Lara Lappa Lara Lappa Laai, Pt. 1",5,12/1/1949,0.164,150.323,3,Lata Mangeshkar,classical,-1
0.416,1950,0.995,['Lata Mangeshkar'],0.352,193333,0.0989,0,00a8mZIrYshErBYRiY6J7d,0.918,9,0.0989,-16.738,1,Aesi Mohabbat Se Ham Baaz Aaye,0,1/1/1950,0.128,50.688,1,Lata Mangeshkar,classical,-1
0.0501,1954,0.976,"['Oscar Peterson', 'Buddy DeFranco']",0.142,294747,0.131,0,2mLREhv9D2MJV5uaMDbMH9,0.878,6,0.369,-17.421,1,"Bess, You Is My Woman Now",13,1/1/1954,0.0388,77.452,2,Oscar Peterson,classical,-1
0.114,1954,0.964,"['Oscar Peterson', 'Buddy DeFranco']",0.163,225920,0.0952,0,6TeEiEul6FcTg7j4WyutGC,0.835,7,0.204,-18.608,1,I Wants To Stay Here,12,1/1/1954,0.0386,63.533,2,Oscar Peterson,classical,-1
0.311,1955,0.753,"['Dinah Washington', 'Clifford Brown']",0.276,146707,0.313,0,1Iiinz5EjRkU9TGY74YNLe,0.899,9,0.921,-13.397,1,"Summertime - Live In Los Angeles, 1954",13,6/19/1955,0.044,76.433,2,Dinah Washington,R&B,-1
0.546,1960,0.897,['Tom Lehrer'],0.531,313707,0.314,0,0XjFMvN6gETMQlTV8jZe4E,0.0,2,0.778,-18.402,0,The Irish Ballad,20,1/1/1960,0.938,69.59,1,Tom Lehrer,novelty,-1
0.83,1965,0.91,['Tom Lehrer'],0.46,106600,0.575,0,5VecMLA2RrjfBAP2hqvLVa,0.0,7,0.709,-13.058,1,Wernher Von Braun,26,1/1/1965,0.929,174.122,1,Tom Lehrer,novelty,-1
0.311,1966,0.699,['Frank Sinatra'],0.542,708347,0.483,0,3RZPDE46aqSx6aYPC0zf3a,0.0,1,0.884,-18.115,1,The Tea Break (Sinatra Monologue) - Live At The Sands Hotel And Casino/1966,30,1966-07,0.925,134.09,1,Frank Sinatra,swing,-1
0.0,1968,0.404,['Jimi Hendrix'],0.0,61773,0.391,0,3q3gK9I4mj03565IGtVA0d,0.932,6,0.0603,-20.962,1,"Moon, Turn the Tides...Gently Gently Away",39,10/25/1968,0.0,0.0,1,Jimi Hendrix,Rock,-1
0.124,1969,0.0966,['Pink Floyd'],0.2,529348,0.404,0,60WujjVzXLbbx4D6pSVg56,0.729,9,0.681,-13.68,0,"Careful with That Axe, Eugene - Live",37,10/25/1969,0.0284,81.895,1,Pink Floyd,psychedelia,-1
0.0782,1976,0.103,['Led Zeppelin'],0.288,638320,0.593,0,6CaacdmM2MaOV7Pqmru0BW,0.407,7,0.901,-10.116,1,No Quarter - (Live at MSG 1973) [Remaster],41,10/22/1976,0.049,122.083,1,Led Zeppelin,heavy metal,-1
0.0889,1980,0.991,"['Brian Eno', 'Harold Budd']",0.0887,389133,0.0115,0,244AfRQzVwSOzkkRHGPWge,0.913,0,0.111,-35.008,1,An Arc Of Doves - 2004 Digital Remaster,41,1/1/1980,0.0388,69.478,2,Brian Eno,Ambient,-1
0.351,1982,0.431,['Bad Brains'],0.2,67947,0.856,1,0HX8txPQI5ni5gZ13JceRX,0.427,11,0.362,-13.721,1,The Regulator,38,1/1/1982,0.0484,166.073,1,Bad Brains,alternative metal,-1
0.0785,1982,0.437,['Bad Brains'],0.204,147760,0.968,1,5LVC9BaSd6RlaMqX6LDbS2,0.988,11,0.121,-11.225,1,Right Brigade,37,1/1/1982,0.0777,140.059,1,Bad Brains,alternative metal,-1
0.0456,1984,0.995,"['Harold Budd', 'Brian Eno']",0.207,284133,0.00769,0,2Ef5Vgw0ShuKGoNfO6Nrof,0.966,1,0.321,-32.85,0,Late October - 2005 Digital Remaster,40,1/1/1984,0.0431,122.714,2,Harold Budd,Minimalism,-1
0.0305,1988,0.00655,['Dead Can Dance'],0.117,378173,0.297,0,6NfhJnufcldpDimI4UiLof,0.881,5,0.108,-13.086,0,The Host Of Seraphim (Remastered),49,1/1/1988,0.0383,57.063,1,Dead Can Dance,world,-1
0.0318,1990,0.969,['Danny Elfman'],0.064,155200,0.0404,0,4mHz1B1A0p1ItAxea0zhff,0.918,0,0.0785,-26.424,1,Storytime,44,1/1/1990,0.042,33.334,1,Danny Elfman,pop,-1
0.0326,1992,0.989,['Aphex Twin'],0.183,77347,0.0896,0,2FQviMkaoixlgWuGL4u1EO,0.899,2,0.107,-27.54,1,I,47,2/10/1992,0.0486,76.923,1,Aphex Twin,Electronic,-1
0.926,1994,0.45,['Nas'],0.613,105320,0.899,1,4N0olzsMpr5cAPFrzNErGv,0.0,1,0.422,-4.669,1,The Genesis,50,4/19/1994,0.432,98.158,1,Nas,Hip hop,-1
0.276,1996,0.000293,['Marilyn Manson'],0.485,336333,0.926,1,4zlGdsGD7D6qECEUOKByjF,0.362,5,0.706,-7.502,1,The Reflecting God,51,1/1/1996,0.119,170.039,1,Marilyn Manson,industrial rock,-1
0.0357,1998,0.937,['Boards of Canada'],0.223,91707,0.0138,0,0aPrTlWUf2nmDkC9gcP5kZ,0.916,5,0.13,-32.843,0,Olson,51,4/20/1998,0.0294,64.017,1,Boards of Canada,Electronic,-1
0.277,2000,6.17e-05,['Pantera'],0.243,316493,0.988,1,6LhUsJiXAuxoalUz01evh0,0.12,8,0.341,-3.485,1,Revolution Is My Name,54,1/1/2000,0.197,89.905,1,Pantera,heavy metal,-1
0.854,2004,0.577,['Kanye West'],0.473,760973,0.727,1,7iOhWWYjhhQiXzF4o4HhXN,0.0,8,0.316,-6.843,1,Last Call,53,2/10/2004,0.356,83.212,1,Kanye West,Hip hop,-1
0.869,2004,0.684,['Kanye West'],0.418,81787,0.447,1,7wL7Lb8Q3aYyq6gmRL0PZq,2.1e-06,0,0.414,-9.058,0,Graduation Day,51,2/10/2004,0.338,169.336,1,Kanye West,Hip hop,-1
0.589,2006,0.054,['J Dilla'],0.23,119387,0.772,1,4jVqbLx0MvlIaj3h2D872X,0.000138,1,0.644,-6.349,1,Don't Cry,54,2/7/2006,0.342,173.377,1,J Dilla,Time Out,-1
0.0,2009,0.993,['Jon Hopkins'],0.0,100947,0.00834,0,4TzRObrwZ4eDjdrXlNgJyR,0.936,1,0.195,-23.201,1,Small Memory,52,5/5/2009,0.0,0.0,1,Jon Hopkins,IDM,-1
0.0332,2014,0.129,"['Max Richter', 'Louisa Fuller', 'Natalia Bonner', 'John Metcalfe', 'Philip Sheppard', 'Chris Worsey']",0.144,371747,0.347,0,7HvhQfQDlYCB4n73r4duw2,0.879,10,0.11,-12.662,0,On The Nature Of Daylight,57,1/1/2014,0.041,86.242,6,Max Richter,Contemporary classical,-1
0.201,2016,0.769,['Frank Ocean'],0.266,564166,0.678,1,5k8LB57xOq8UUNVaKWSqrf,9.37e-05,1,0.503,-12.364,1,Futura Free,63,8/20/2016,0.508,83.434,1,Frank Ocean,pop,-1
0.292,2019,0.0663,['Rod Wave'],0.872,121522,0.434,1,0by8c0tvXiwBHKkCpsvLNt,0.0,1,0.096,-11.737,1,Green Light,65,11/1/2019,0.733,82.974,1,Rod Wave,Hip hop,-1
0.934,1935,0.955,['Lead Belly'],0.541,72960,0.816,0,3BZYbMQITmIwyZBNVqBXBd,0.848,5,0.236,-8.367,1,Mary Don't You Weep (131-B-1),1,1/1/1935,0.27,88.354,1,Lead Belly,folk,-1
0.753,1940,0.996,"['Nilla Pizzi', 'Luciano Benevene']",0.686,175804,0.0847,0,1RRC96isVERCt1FFL3OVkJ,0.894,8,0.113,-19.127,1,Che si fa (con le fanciulle),0,6/29/1940,0.156,86.818,2,Nilla Pizzi,jazz,-1
0.685,1955,0.737,['Louis Armstrong'],0.38,255933,0.714,0,0eX2hruy5IhfehEjLQ86sV,0.000126,1,0.973,-11.273,1,All of Me,8,1/1/1955,0.776,178.904,1,Louis Armstrong,jazz,-1
0.498,1959,0.953,['Tom Lehrer'],0.519,395573,0.458,0,2sJ4bMRUpZSUaqfGmYVKw8,1.05e-06,2,0.936,-14.234,1,In Old Mexico,16,1/1/1959,0.775,110.804,1,Tom Lehrer,novelty,-1
0.348,1959,0.945,['Tom Lehrer'],0.487,281053,0.486,0,3u85Hiu5iKVIgqxxkL6mye,3.85e-06,0,0.984,-16.101,1,Clementine,16,1/1/1959,0.882,129.26,1,Tom Lehrer,novelty,-1
0.749,1959,0.94,['Tom Lehrer'],0.581,158707,0.414,0,6DSkyHtYBuD2dT9qlFEa5O,0.0,5,0.899,-17.244,1,A Christmas Carol,15,1/1/1959,0.912,65.589,1,Tom Lehrer,novelty,-1
0.457,1959,0.915,['Tom Lehrer'],0.491,330707,0.507,0,7HQ6DoAcXiLH1PMYLMfQbc,0.0,5,0.816,-13.84,1,We Will All Go Together When We Go,14,1/1/1959,0.931,88.701,1,Tom Lehrer,novelty,-1
0.968,1960,0.575,['Billy Mure'],0.819,119357,0.774,0,1b6xaBhKmAE7cYQ1IhptwQ,0.849,2,0.549,-7.666,0,Trumpet Cha Cha Cha,18,9/20/1960,0.0367,120.081,1,Billy Mure,Hawaiian music,-1
0.183,1961,0.987,"['Thelonious Monk', 'John Coltrane']",0.547,586067,0.0506,0,3kQDdDn8eXIlNrJWRBMWVC,0.934,10,0.0783,-20.325,1,Functional - Alternate Take 1,22,1/1/1961,0.0648,70.467,2,Thelonious Monk,bebop,-1
0.0383,1961,0.971,['Stan Kenton'],0.194,156360,0.0392,0,6zXWT81mABneeLfwxd9rt2,0.97,9,0.158,-19.368,0,Say It Isn't So,19,1/1/1961,0.034,77.986,1,Stan Kenton,West Coast jazz,-1
0.533,1962,0.848,"['Louis Prima', 'Sam Butera & The Witnesses', 'Gia Maione']",0.591,476173,0.518,0,6vAyOOwgDTH5LCLY2glRTl,0.0,3,0.861,-13.3,1,The Next Time,21,11/1/1962,0.909,112.675,3,Louis Prima,swing,-1
0.0901,1966,0.995,"['Bill Evans', 'Jim Hall']",0.333,394333,0.0291,0,2gePqIl6YIoKbDlATyIYgN,0.945,6,0.0957,-26.464,0,Angel Face,30,1/1/1966,0.0476,64.133,2,Bill Evans,modal jazz,-1
0.0509,1967,0.884,['Ennio Morricone'],0.0642,129400,0.162,0,7igDc2V0gCwBYV5rBUw1g7,0.889,7,0.401,-19.152,0,The Carriage Of The Spirits,33,1/1/1967,0.0355,70.104,1,Ennio Morricone,classical,-1
0.0673,1967,0.962,['Nico'],0.163,482253,0.0825,0,1yC6eMSaNaN03PgbZGFWAB,0.845,2,0.128,-22.039,1,It Was A Pleasure Then,32,10/9/1967,0.0439,48.292,1,Nico,Avant-garde,-1
0.0485,1967,0.989,['Ennio Morricone'],0.0725,135093,0.0816,0,777Em4kHDduR6HgVTKdwpf,0.846,2,0.113,-22.271,1,La Missione San Antonio,33,1/1/1967,0.0383,63.161,1,Ennio Morricone,classical,-1
0.0357,1969,0.959,['George Martin'],0.249,136693,0.0994,0,6n42oei7aEx2I0dcluKAGx,0.926,6,0.454,-19.266,0,Sea Of Holes - Remastered 2009,33,1/17/1969,0.04,118.99,1,George Martin,Rock,-1
0.0473,1975,0.963,['Brian Eno'],0.182,236760,0.0444,0,3qq8XPwF2DoBhENRgLQ7ET,0.889,6,0.342,-26.303,0,Becalmed - 2004 Digital Remaster,37,9/1/1975,0.0416,119.434,1,Brian Eno,Ambient,-1
0.0332,1975,0.978,['Brian Eno'],0.0926,1894893,0.00839,0,69eD0IfAqEIUnKX63Npksy,0.939,8,0.0599,-33.854,1,Discreet Music - Remastered 2004,36,11/1/1975,0.0443,69.02,1,Brian Eno,Ambient,-1
0.218,1976,0.0074,['Led Zeppelin'],0.307,1758307,0.897,0,0OotzYWTwTqoszW9MrXSdZ,0.499,0,0.942,-8.595,1,Dazed and Confused - (Live at MSG 1973) [Remaster],39,10/22/1976,0.106,125.893,1,Led Zeppelin,heavy metal,-1
0.0645,1976,0.882,['Alice Coltrane'],0.352,568947,0.0433,0,7vrOjXJ3Oht6fFYxwoEV5J,0.938,10,0.0985,-24.963,1,Om Supreme,39,1/1/1976,0.0309,66.549,1,Alice Coltrane,avant-garde jazz,-1
0.563,1978,0.437,['The Rolling Stones'],0.382,191267,0.997,0,7hDQerpfE5FgYtVKEVemwl,0.95,9,0.617,-1.568,1,Lies - Remastered,37,6/9/1978,0.188,162.428,1,The Rolling Stones,Rock,-1
0.0319,1978,0.963,['Harold Budd'],0.119,1107267,0.052,0,5oTnjavcEz8hENl2nlYmdx,0.861,6,0.113,-23.698,1,Bismillahi 'Rrahmani 'Rrahim,37,1/1/1978,0.0366,83.501,1,Harold Budd,Minimalism,-1
0.0704,1982,0.936,"['Philip Glass', 'Michael Riesman']",0.126,441200,0.0585,0,17Ymh369W4qCPXYzndYurO,0.929,10,0.0979,-19.722,1,Facades,39,1/1/1982,0.0402,71.019,2,Philip Glass,Minimalism,-1
0.0283,1982,0.986,['Brian Eno'],0.169,247947,0.00154,0,4y5qZUZU5sojHT033PFP26,0.97,5,0.0847,-32.367,1,A Clearing - Remastered 2004,37,3/1/1982,0.0601,115.74,1,Brian Eno,Ambient,-1
0.0365,1983,0.842,['Brian Eno'],0.0724,209680,0.018,0,20VAzxnjcM785fAztSlR5g,0.894,6,0.141,-37.325,1,The Secret Place - Remastered 2005,38,7/1/1983,0.036,70.67,1,Brian Eno,Ambient,-1
0.0374,1984,0.994,"['Harold Budd', 'Brian Eno']",0.0664,261560,0.00407,0,0Xf8nLzbt3TXW0DejZhHTy,0.958,0,0.0712,-39.94,1,Lost In The Humming Air - 2005 Digital Remaster,36,1/1/1984,0.0366,71.376,2,Harold Budd,Minimalism,-1
0.0528,1985,0.976,['Brian Eno'],0.0918,3650800,0.0569,0,4t3Yh6tKkxXrc458pNI7zZ,0.884,0,0.0842,-31.808,1,Thursday Afternoon - 2005 Digital Remaster,39,10/1/1985,0.0358,81.944,1,Brian Eno,Ambient,-1
0.348,1986,0.939,['Robin Williams'],0.583,91320,0.78,0,2hjyKJhQe5UIKvHmtqyra9,0.0,3,0.87,-12.921,1,Ballet - Live,31,4/11/1986,0.921,113.531,1,Robin Williams,improvisational comedy,-1
0.174,1989,0.529,['The Cure'],0.325,562907,0.805,0,05d90KDSSlsK7I0ihRJRv1,0.277,9,0.926,-8.43,0,The Same Deep Water as You - 2010 Remaster,35,5/2/1989,0.0768,199.891,1,The Cure,new wave,-1
0.174,1989,0.529,['The Cure'],0.325,562907,0.805,0,3gXwy8PyIFiNOUnq5Lvkh6,0.277,9,0.926,-8.43,0,The Same Deep Water as You - 2010 Remaster,33,5/2/1989,0.0768,199.891,1,The Cure,new wave,-1
0.749,1990,0.0109,['Ice Cube'],0.813,312933,0.506,1,1zmiiUy4HZJc9FSYFbDIcT,0.0,6,0.542,-14.608,0,You Can't Fade Me/JD's Gaffilin',40,3/16/1990,0.78,174.292,1,Ice Cube,Hip hop,-1
0.966,1990,0.677,['Nat King Cole'],0.499,110093,0.365,0,2beMcxty8nsV3KZzaqHpsG,0.0,7,0.858,-16.208,1,The Happiest Christmas Tree - Remastered,39,1/1/1990,0.503,206.017,1,Nat King Cole,traditional pop,-1
0.438,1996,1.5e-06,['Burzum'],0.295,425067,0.545,0,5v3TSHYm8BzbON2u6QBEG7,0.891,4,0.585,-9.214,0,Dunkelheit,51,1/1/1996,0.0442,54.669,1,Burzum,website=Allmusic,-1
0.267,1996,0.000143,['Marilyn Manson'],0.356,257933,0.961,1,7wyVuNCEr1j8NfG1vwMXZp,0.302,11,0.806,-8.787,1,Irresponsible Hate Anthem,46,1/1/1996,0.127,188.256,1,Marilyn Manson,industrial rock,-1
0.94,1998,0.712,['Adam Sandler'],0.851,112859,0.265,1,1LyW3Cwi49N1l58Pf1TNKy,0.000711,4,0.75,-14.402,1,Somebody Kill Me,45,1/1/1998,0.432,116.467,1,Adam Sandler,surreal humor,-1
0.168,2001,0.0113,['Rob Zombie'],0.36,566827,0.793,0,4drs4Khk9JMBtKI3Rxa2R1,0.871,0,0.0915,-9.169,1,House Of 1000 Corpses,47,1/1/2001,0.275,112.91,1,Rob Zombie,heavy metal,-1
0.546,2001,0.382,"['DJ Screw', 'K-Rino', 'Z-Ro']",0.867,300227,0.384,1,4oxuZmT8MZBDgmSKABVTfZ,0.269,1,0.618,-8.334,1,The Game Goes On,44,8/14/2001,0.268,140.531,3,DJ Screw,Southern hip hop,-1
0.772,2004,0.785,['Kanye West'],0.715,46173,0.288,1,2a1JSfTePKhysdIif2bzut,0.0,1,0.688,-13.843,1,Workout Plan,48,2/10/2004,0.925,115.114,1,Kanye West,Hip hop,-1
0.251,2006,1.41e-05,['Electric Wizard'],0.0811,523333,0.658,0,6DU1WKdUnR7OZkw7BZl9P0,0.903,11,0.111,-6.804,1,Funeralopolis,47,1/1/2006,0.051,62.825,1,Electric Wizard,Vice,-1
0.068,2007,0.996,"['Philip Glass', 'Bruce Brubaker']",0.179,353147,0.026,0,1QmhkjuUlosROqKk59sBSK,0.89,0,0.0836,-30.937,0,Opening,56,7/16/2007,0.0385,77.116,2,Philip Glass,Minimalism,-1
0.0313,2011,0.569,['C418'],0.158,65125,0.00832,0,3sbcAG3y97g63yDSVMf38o,0.816,9,0.0828,-30.666,0,Oxygene,56,3/4/2011,0.0417,107.295,1,C418,Ambient,-1
0.0378,2011,0.988,['C418'],0.118,102101,0.0224,0,4B3RbRUP0fl2KxaBWVUfo9,0.927,1,0.091,-30.543,1,Beginning,55,3/4/2011,0.0369,78.558,1,C418,Ambient,-1
0.0359,2013,0.983,['Jeremy Soule'],0.0717,304008,0.0921,0,0zke8Vmo0bgbPjxL3pUhqk,0.847,0,0.0748,-21.53,1,From Past to Present,59,1/31/2013,0.0391,69.286,1,Jeremy Soule,classical,-1
0.0866,2015,0.995,['Max Richter'],0.214,153101,0.00144,0,3FVy3aVs0TFzLv6FEiLqC2,0.968,6,0.0998,-39.869,1,Dream 1 (before the wind blows it all away) - Pt. 1,63,1/1/2015,0.0487,72.046,1,Max Richter,Contemporary classical,-1
0.148,2017,0.00525,"['21 Savage', 'Offset', 'Metro Boomin', 'Quavo']",0.845,257600,0.399,1,0tdCy39PgWN8LFWu34ORn3,0.74,1,0.102,-7.509,1,Rap Saved Me,66,10/30/2017,0.309,143.049,4,21 Savage,Hip hop,-1
0.146,2017,0.0974,"['21 Savage', 'Metro Boomin']",0.862,148640,0.274,1,2D2w9943rsnJOGCrI4aMQp,0.185,0,0.183,-5.818,0,My Choppa Hate Niggas,64,10/30/2017,0.484,77.493,2,21 Savage,Hip hop,-1
0.0,1949,0.0,['Sarah Vaughan'],0.0,5108,0.0,0,0hr9kRUi2X4MXc72A4VxG4,0.0,0,0.0,-60.0,0,Pause Track,0,1/1/1949,0.0,0.0,1,Sarah Vaughan,traditional pop,-1
0.172,1954,0.971,['Dave Grusin'],0.337,202907,0.131,0,3CmGyg3H61eOZYFX4rInfM,0.939,0,0.683,-18.339,1,My Funny Valentine,3,1/1/1954,0.0312,164.406,1,Dave Grusin,jazz fusion,-1
0.613,1956,0.693,['Moondog'],0.306,415533,0.921,0,6s5ObKZSyybTlCdrzs9qmS,0.623,5,0.152,-10.498,1,Surf Session,14,1/1/1956,0.502,84.051,1,Moondog,Classical,-1
0.664,1960,0.963,['Tom Lehrer'],0.418,102760,0.211,0,1LGdRvSIEBmTjNvGbQnduR,0.0,0,0.923,-21.385,1,The Old Dope Peddler,11,1/1/1960,0.86,72.864,1,Tom Lehrer,novelty,-1
0.17,1961,0.988,"['Thelonious Monk', 'John Coltrane']",0.445,582093,0.0324,0,0lc3WlkmNwNFuBd2mSzN0T,0.923,10,0.0823,-24.054,1,Functional - Alternate Take 1,13,1/1/1961,0.0709,69.215,2,Thelonious Monk,bebop,-1
0.11,1963,0.993,['Bill Evans'],0.373,639027,0.0337,0,598Iu8Oplztg6vfTY6TeMj,0.933,10,0.0691,-23.685,1,Danny Boy,19,1/1/1963,0.0739,79.561,1,Bill Evans,modal jazz,-1
0.894,1965,0.837,['Tom Lehrer'],0.627,105960,0.658,0,4bync7tV0YGy95sI4DUbJL,0.0,5,0.722,-11.671,1,Send The Marines,19,1/1/1965,0.912,63.631,1,Tom Lehrer,novelty,-1
0.108,1966,0.994,"['Bill Evans', 'Jim Hall']",0.296,454893,0.0397,0,73IhqME9ZIlqb8gXM905hJ,0.94,4,0.0727,-24.792,0,Turn Out The Stars,20,1/1/1966,0.0559,65.74,2,Bill Evans,modal jazz,-1
0.22,1969,0.572,['Pink Floyd'],0.252,768594,0.809,0,2TA0hmeMz6xVkfMI2rLkZe,0.84,9,0.698,-10.278,1,A Saucerful of Secrets - Live,32,10/25/1969,0.21,129.217,1,Pink Floyd,psychedelia,-1
0.0462,1969,0.877,['George Martin'],0.269,132773,0.0902,0,0rHHNFcUgB0zlzCk4MVluw,0.821,8,0.302,-23.018,0,Pepperland Laid Waste - Remastered 2009,32,1/17/1969,0.042,82.423,1,George Martin,Rock,-1
0.289,1969,0.0144,['Pink Floyd'],0.0974,67682,0.281,0,4nvAMzXUzlVcfjLa7KxOe2,0.928,7,0.337,-9.137,0,"Sysyphus, Pt. 1",30,10/25/1969,0.0389,84.166,1,Pink Floyd,psychedelia,-1
0.175,1969,0.577,['Led Zeppelin'],0.233,559120,0.598,0,0jgCqv5kHcXaa5E6pplkIf,0.343,7,0.963,-7.965,1,"White Summer / Black Mountain Side - Live in Paris, 1969",28,1/12/1969,0.0643,71.011,1,Led Zeppelin,heavy metal,-1
0.216,1969,0.933,['Pink Floyd'],0.225,173252,0.899,0,1OJP1r3sh6yVwMOYZFG4vk,0.792,11,0.688,-10.005,1,"The Narrow Way, Pt. 2",29,10/25/1969,0.158,100.779,1,Pink Floyd,psychedelia,-1
0.563,1971,0.806,"['Alice Coltrane', 'Pharoah Sanders']",0.288,692400,0.514,0,7rFVIYbCu6MFLduVgnts6q,0.921,0,0.709,-13.866,0,"Isis And Osiris - Live At Village Gate, NY, 1970",27,1/1/1971,0.052,77.34,2,Alice Coltrane,avant-garde jazz,-1
0.778,1972,0.883,['Donny Hathaway'],0.732,815080,0.454,0,7fLbUdinXGkwjeH8j40seK,0.766,9,0.981,-16.123,1,Voices Inside (Everything Is Everything),32,1/1/1972,0.0337,99.788,1,Donny Hathaway,R&B,-1
0.199,1973,0.269,"['Carlos Santana', 'John McLaughlin']",0.158,568893,0.911,0,3yeTtLm3XjsQkmSdRnzhrq,0.754,3,0.089,-7.803,0,The Life Divine,35,7/20/1973,0.27,90.897,2,Carlos Santana,blues rock,-1
0.42,1976,0.0998,['Led Zeppelin'],0.372,662133,0.852,0,4a1eKyU8NWzmyxmXz2vUmA,0.864,7,0.937,-11.08,1,Moby Dick - (Live at MSG 1973) [Remaster],34,10/22/1976,0.0435,101.851,1,Led Zeppelin,heavy metal,-1
0.035,1980,0.991,"['Brian Eno', 'Harold Budd']",0.223,204680,0.00717,0,1Z2OQ4XtLwrhQKGS9BA4wi,0.876,1,0.167,-31.759,1,Among Fields Of Crystal - 2004 Digital Remaster,35,1/1/1980,0.0424,67.282,2,Brian Eno,Ambient,-1
0.0384,1984,0.934,"['Harold Budd', 'Brian Eno']",0.186,252347,0.00873,0,28KcS7Otucbm1uRQs8k21t,0.84,11,0.1,-37.611,1,Still Return - 2005 Digital Remaster,34,1/1/1984,0.0419,68.31,2,Harold Budd,Minimalism,-1
0.084,1984,0.958,"['Harold Budd', 'Brian Eno']",0.137,282400,0.00746,0,3EYY3nTXuPK2ALAaZoc8u3,0.932,6,0.0774,-32.135,1,Dark Eyed Sister - 2005 Digital Remaster,33,1/1/1984,0.0403,70.895,2,Harold Budd,Minimalism,-1
0.033,1990,0.896,['Danny Elfman'],0.069,384107,0.0608,0,5oiybYOR50ho7Izc9YiW3P,0.882,2,0.0932,-26.734,1,Castle On The Hill,37,1/1/1990,0.0391,75.756,1,Danny Elfman,pop,-1
0.428,1994,0.359,['The Notorious B.I.G.'],0.436,91093,0.624,1,1JEXG96amOfvR18sW1OXoI,0.0,11,0.812,-9.818,0,Fuck Me (Interlude) - Interlude; 2005 Remaster,43,9/13/1994,0.808,163.39,1,The Notorious B.I.G.,Hip hop,-1
0.487,1994,0.0553,['Beastie Boys'],0.773,179107,0.439,1,2qTuEV2bEGAuuXqbTX1eSV,0.825,10,0.762,-6.689,1,Sure Shot - European B-Boy Mix/Remastered 2009,41,5/23/1994,0.0513,97.684,1,Beastie Boys,Hip hop,-1
0.735,1996,0.424,['Fugees'],0.539,337200,0.486,1,3FFDBbDxnHNZKdQwx2HPjE,0.0,7,0.497,-15.236,0,The Beast,45,2/13/1996,0.749,78.871,1,Fugees,progressive hip hop,-1
0.0737,2003,0.983,['William Basinski'],0.153,410987,0.0391,0,2UZXQrEi0A8ySbDuyeuMt3,0.928,3,0.0774,-32.652,1,Melancholia II,51,1/17/2003,0.0362,69.906,1,William Basinski,Experimental,-1
0.642,2004,0.326,['Kanye West'],0.648,78693,0.218,1,25mwJPzWVmS2yronBNQJF1,0.0,8,0.352,-15.108,1,School Spirit Skit 1,46,2/10/2004,0.95,164.25,1,Kanye West,Hip hop,-1
0.704,2005,0.817,['Kanye West'],0.746,41067,0.306,1,62KeM7jbmYvzT5FycdiQeS,0.0,10,0.0657,-9.765,1,Wake Up Mr. West,48,8/30/2005,0.93,73.346,1,Kanye West,Hip hop,-1
0.703,2007,6.64e-06,['Godsmack'],0.347,248333,0.836,1,0NLawlO6diSdXO9eHnFJXO,0.811,2,0.331,-6.761,1,The Enemy,47,1/1/2007,0.0293,80.661,1,Godsmack,heavy metal,-1
0.038,2007,0.241,['This Will Destroy You'],0.263,676987,0.171,0,37HI0imp0t6a0MBS00lPkS,0.87,1,0.0766,-11.748,1,The Mighty Rio Grande,48,1/8/2007,0.0338,111.995,1,This Will Destroy You,ambient,-1
0.611,2010,0.00816,"['Yelawolf', 'Gucci Mane']",0.785,311773,0.566,1,2A7ZlQRIhZhsJC7bk7hGNB,9.05e-05,1,0.799,-8.488,1,I Just Wanna Party,50,1/1/2010,0.438,160.01,2,Yelawolf,Hip hop,-1
0.764,2010,0.511,['Kendrick Lamar'],0.644,210495,0.801,1,53mCo1wDJ12iZNq9LgIeg2,8.59e-06,7,0.614,-4.55,1,Ignorance Is Bliss,50,9/14/2010,0.387,82.156,1,Kendrick Lamar,Hip hop,-1
0.21,2011,0.837,['C418'],0.539,41500,0.198,0,4B6A1T91lF1IRKkBVwUzWe,0.00549,11,0.359,-31.238,0,Death,54,3/4/2011,0.835,58.309,1,C418,Ambient,-1
0.199,2011,0.429,"['Kendrick Lamar', 'Ashtro Bot']",0.465,227291,0.854,1,7AaET28qSzlkFBcySHh4ES,0.0,7,0.618,-7.564,1,Keisha's Song (Her Pain) (feat. Ashtro Bot),51,7/2/2011,0.377,85.126,2,Kendrick Lamar,Hip hop,-1
0.0316,2012,0.74,['Frank Ocean'],0.347,45640,0.33,0,0GAE689kVy7sFT2QWZH1Xa,0.931,7,0.557,-19.761,1,Start,50,7/10/2012,0.149,82.85,1,Frank Ocean,pop,-1
0.295,2015,0.278,"['GoldLink', 'Masego']",0.442,161080,0.446,1,60ZZNXIdwgUGkVGRt7foLT,0.0,9,0.308,-11.354,0,Late Night (feat. Masego),59,11/6/2015,0.786,51.539,2,GoldLink,Hip hop,-1
0.324,2016,0.732,['Kendrick Lamar'],0.567,496173,0.463,1,40IQooNkPRVtn4zlE3ZFpA,0.0,6,0.709,-11.669,0,untitled 07 | 2014 - 2016,59,3/4/2016,0.504,126.982,1,Kendrick Lamar,Hip hop,-1
0.204,2017,0.396,['Wifisfuneral'],0.787,124232,0.435,1,58orasu4acwvl06LdyRCyH,0.0,11,0.0713,-12.083,0,Wya?,62,5/12/2017,0.649,169.99,1,Wifisfuneral,Hip hop,-1
0.52,1948,0.994,['Lata Mangeshkar'],0.748,181075,0.117,0,3pr70zgBSDNFBGarquTvNN,0.155,5,0.506,-13.041,0,Main To Nachoon,0,12/31/1948,0.542,70.018,1,Lata Mangeshkar,classical,-1
0.0557,1950,0.579,['Stan Kenton'],0.162,300960,0.252,0,0drBgbcjQes3ya3659WlDT,0.912,7,0.358,-12.178,1,Theme For Sunday,2,1/1/1950,0.0325,69.08,1,Stan Kenton,West Coast jazz,-1
0.909,1950,0.987,['Geeta Dutt'],0.602,184173,0.302,0,0ie9cy8U5pGfLmRt2wxqza,0.943,3,0.735,-15.324,1,Suno Gajar Kya Gaye,1,12/1/1950,0.0415,147.308,1,Geeta Dutt,Classical,-1
0.768,1953,0.995,"['Geeta Dutt', 'Mohammed Rafi']",0.738,165956,0.137,0,0ba853aOnUaYoJ5XmYlUsT,0.871,9,0.246,-14.772,1,"Lag Gayi Ankhiyan O More Balam (From ""Jeevan Jyoti"")",1,1/1/1953,0.343,73.346,2,Geeta Dutt,Classical,-1
0.906,1954,0.851,['Gerry Mulligan'],0.665,290093,0.392,0,0DTRhASyyVjXiFwyT96YHK,0.596,2,0.979,-20.641,0,Bernie's Tune,3,3/4/1954,0.457,131.579,1,Gerry Mulligan,cool jazz,-1
0.547,1954,0.666,"['Dinah Washington', 'Clifford Brown']",0.354,882507,0.82,0,4HNnVNf7PyrO5K5PEeaYsV,0.868,5,0.695,-8.102,0,Move,2,1/1/1954,0.201,182.167,2,Dinah Washington,R&B,-1
0.975,1956,0.41,['Moondog'],0.657,50773,0.373,0,18bblBN6BAgRQJKs2KpFwX,1.23e-06,0,0.802,-18.445,1,Dance Rehearsal,10,1/1/1956,0.351,55.808,1,Moondog,Classical,-1
0.109,1959,0.991,['Thelonious Monk'],0.696,245027,0.019,0,4WuxWlV7fk6RP2oAGqgZbu,0.9,0,0.0915,-23.858,1,"There's Danger In Your Eyes, Cherie - Take 1",14,1/1/1959,0.0744,68.041,1,Thelonious Monk,bebop,-1
0.847,1965,0.897,['Tom Lehrer'],0.501,131893,0.451,0,2Bnbo39pUWykSMb0MGft4K,0.0,3,0.751,-12.767,1,The Folk Song Army,17,1/1/1965,0.83,80.614,1,Tom Lehrer,novelty,-1
0.0366,1966,0.682,['Frank Sinatra'],0.438,150600,0.876,0,4JOoQKUMCKVNIpLBlTfyF4,0.0,1,0.912,-15.569,1,A Few Last Words (Sinatra Monologue) - Live At The Sands Hotel And Casino/1966,23,1966-07,0.912,107.605,1,Frank Sinatra,swing,-1
0.125,1969,0.000893,['Led Zeppelin'],0.271,901640,0.642,0,76HR8Ox6ApIoipqrXDheZ3,0.277,2,0.634,-10.107,1,"Dazed and Confused - Live in Paris, 1969",28,1/12/1969,0.0778,125.768,1,Led Zeppelin,heavy metal,-1
0.765,1972,0.786,['Donny Hathaway'],0.648,726253,0.423,0,37M3f5O3nMjnAGK2I5Qve3,0.672,3,0.876,-16.265,0,"The Ghetto - Live at the Troubador, Los Angeles, CA",37,1/1/1972,0.0497,123.516,1,Donny Hathaway,R&B,-1
0.0281,1972,0.936,['The Band'],0.214,82800,0.843,0,2lEdJoR1lrWoELvCYCaxnh,0.703,7,0.375,-18.957,0,"Introduction - Live At The Academy Of Music, New York, 1971 / Remastered 2001",28,1/1/1972,0.573,171.89,1,The Band,Americana,-1
0.137,1973,3.66e-05,['ZZ Top'],0.146,284040,0.978,0,4uc1in0E5mXcfBmIsVWhXW,0.719,2,0.885,-8.462,1,La Grange - Live,33,7/26/1973,0.226,174.147,1,ZZ Top,hard rock,-1
0.197,1974,0.218,['Lou Reed'],0.259,783373,0.623,0,08DwW7rnVag6JbXzCLk6jh,0.127,0,0.991,-9.512,1,Heroin - Live,31,2/1/1974,0.103,169.863,1,Lou Reed,Rock,-1
0.32,1975,0.933,['Richard Pryor'],0.51,324227,0.685,1,6Dm8KFeZ5RaYNmU5g8QdBt,7.39e-05,8,0.715,-14.742,0,Nigger WIth a Seizure - Remastered Version,27,1/1/1975,0.934,114.478,1,Richard Pryor,black comedy,-1
0.42,1975,0.83,['Richard Pryor'],0.545,101627,0.667,1,0c7566F2Aloxllc5ymgwWG,0.0,4,0.782,-12.837,1,Niggers vs. The Police - Remastered Version,27,1/1/1975,0.957,77.909,1,Richard Pryor,black comedy,-1
0.179,1975,0.85,['Richard Pryor'],0.414,208200,0.822,1,42D4UVpki8bn02cS01Ujcb,0.0,5,0.909,-15.263,0,I Hope I'm Funny - Remastered,26,1/1/1975,0.941,83.979,1,Richard Pryor,black comedy,-1
0.336,1976,0.000766,['Lynyrd Skynyrd'],0.251,895933,0.668,0,6kmA0HGaRPiD6Ck9EdhaZr,0.593,5,0.557,-11.921,1,"Free Bird - Live At Fox Theater, Atlanta/1976",29,1/1/1976,0.0655,115.628,1,Lynyrd Skynyrd,blues rock,-1
0.797,1982,0.0183,['Gregory Isaacs'],0.775,322933,0.202,0,10O7sLRorGAiT52N5DHD58,0.808,10,0.0676,-13.708,1,Cool Down The Dub - Single Version,31,1/1/1982,0.336,75.728,1,Gregory Isaacs,lovers\' rock,-1
0.25,1983,0.000391,['Mercyful Fate'],0.291,685893,0.901,0,5Gx2EpxEZBPpEiySoHhjRO,0.797,4,0.339,-10.343,0,Satan's Fall,34,1/1/1983,0.119,90.727,1,Mercyful Fate,Heavy metal,-1
0.0373,1983,0.68,['Philip Glass'],0.206,209840,0.0367,0,7kz5wYuP7kULlvZ9xfsI59,0.967,10,0.112,-26.213,1,Koyaanisqatsi,43,1/1/1983,0.0413,65.308,1,Philip Glass,Minimalism,-1
0.0572,1983,0.476,['The Cramps'],0.453,122293,0.947,0,3NJB1iRWPlBgHpixVKlvlq,0.508,11,0.373,-8.393,0,Love Me,30,1/1/1983,0.213,100.372,1,The Cramps,surf,-1
0.0318,1984,0.978,"['Ennio Morricone', 'Edda Dell Orso']",0.0861,265560,0.0516,0,1aO88mliAcPtD9Hwl9XAHJ,0.965,4,0.0984,-24.91,1,Deborah's Theme,29,6/1/1984,0.0436,78.992,2,Ennio Morricone,classical,-1
0.145,1984,0.000329,['Mercyful Fate'],0.15,454040,0.871,0,6cDxHQvtVo6sxRbSUWZf5C,0.84,4,0.0707,-10.297,0,The Oath,34,1/1/1984,0.126,168.656,1,Mercyful Fate,Heavy metal,-1
0.0389,1986,0.93,['Robin Williams'],0.509,118427,0.973,0,7fcfFtyBmxcR4nLUGN8nxU,0.0,6,0.841,-9.552,0,Opening - Live,28,4/11/1986,0.914,77.81,1,Robin Williams,improvisational comedy,-1
0.113,1988,0.00887,['Pink Floyd'],0.303,376693,0.78,0,1ZBfMHYRpikRyO7ty9xXBd,0.745,4,0.594,-15.47,1,One of These Days - Live,38,11/22/1988,0.208,128.907,1,Pink Floyd,psychedelia,-1
0.93,1988,0.929,['Danny Elfman'],0.801,67507,0.18,0,58CHls7AIOafGF69NNTbhI,0.874,0,0.384,-21.889,1,"Travel Music - From The ""Beetlejuice"" Soundtrack",30,1/1/1988,0.0506,126.58,1,Danny Elfman,pop,-1
0.0388,1990,0.613,['Ween'],0.263,210067,0.901,0,3mKFCngvUNBqUZYw3j2k4N,0.602,4,0.317,-11.332,1,Birthday Boy,34,1/1/1990,0.166,50.686,1,Ween,experimental rock,-1
0.0608,1990,0.941,['Danny Elfman'],0.21,125027,0.0277,0,3bXJxxOYIo8sTbgnVuAs8F,0.918,10,0.0909,-29.027,1,Beautiful New World / Home Sweet Home,34,1/1/1990,0.0389,78.844,1,Danny Elfman,pop,-1
0.212,1992,0.128,['R.E.M.'],0.175,196200,0.335,1,1DT8eLo3WOJ2cCDfYWMU2G,0.845,0,0.162,-12.504,1,Star Me Kitten,44,10/5/1992,0.0341,175.838,1,R.E.M.,post-punk,-1
0.278,1993,2.26e-05,['Butthole Surfers'],0.29,183467,0.912,1,4BW55ofrMAaJ05qkgwHxED,0.231,4,0.775,-7.38,1,Goofy's Concern,38,1/1/1993,0.0563,171.93,1,Butthole Surfers,alternative rock,-1
0.0215,1994,0.016,['Darkthrone'],0.267,369760,1.0,1,2JIRtFAIUkd86PQD12Hm7r,0.447,4,0.45,-4.92,0,Transilvanian Hunger - Studio,46,2/17/1994,0.135,138.616,1,Darkthrone,publisher=About.com,-1
0.05,1995,0.972,['Alan Menken'],0.116,115013,0.0218,0,3hfA9CASYkUyvP7gU4gTip,0.926,7,0.154,-26.685,1,"I'll Never See Him Again - From ""Pocahontas""/Score",40,1/1/1995,0.0379,94.231,1,Alan Menken,Pop,-1
0.0341,1996,1.34e-06,['Burzum'],0.285,519293,0.93,0,2XHG1C3ksw9EAclBFDYZ2M,0.988,0,0.518,-7.939,1,Jesus' Tod,46,1/1/1996,0.0752,80.436,1,Burzum,website=Allmusic,-1
0.968,1997,0.165,['Yo La Tengo'],0.816,162307,0.356,0,6OGjWY39HlMdrF5bNeikkG,0.605,2,0.0706,-13.663,1,Center of Gravity,42,4/22/1997,0.454,159.592,1,Yo La Tengo,website=PopMatters,-1
0.107,1997,0.923,['Alan Menken'],0.154,45973,0.165,0,59F43S4fSrHLFd23HKZbfx,0.938,0,0.279,-20.323,1,Oh Mighty Zeus,40,1/1/1997,0.0401,168.641,1,Alan Menken,Pop,-1
0.234,1998,0.0659,['Kid Rock'],0.488,373467,0.857,1,1RNndg07sHHPZ5kphkGPwf,0.0,2,0.487,-6.63,1,Fuck Off,39,8/5/1998,0.459,174.939,1,Kid Rock,hip hop,-1
0.784,1998,0.986,['Rob Zombie'],0.524,30400,0.69,0,2zPjC4hu9tZWFCVAdFgagX,0.603,6,0.434,-12.459,1,Call Of The Zombie,39,1/1/1998,0.562,95.308,1,Rob Zombie,heavy metal,-1
0.166,2000,2.45e-05,['Pantera'],0.301,319173,0.988,1,4zwzfzX5nXgD5Ro2tXIxhf,0.231,1,0.191,-2.898,1,I'll Cast a Shadow,44,1/1/2000,0.173,127.803,1,Pantera,heavy metal,-1
0.0618,2002,0.000156,['Otep'],0.605,261680,0.998,1,7J9tkRgN26YmIHXl4fnVlp,0.784,1,0.217,-3.818,0,Battle Ready,44,1/1/2002,0.0843,106.815,1,Otep,rap metal,-1
0.83,2004,0.334,['Kanye West'],0.716,43533,0.308,1,5MAY7XyW322jMwLDtBQgsZ,0.0,5,0.215,-12.629,1,School Spirit Skit 2,46,2/10/2004,0.925,128.412,1,Kanye West,Hip hop,-1
0.741,2004,0.803,['Kanye West'],0.64,53640,0.279,1,4BhwlQ9mTwhFGXpQvP9JTV,0.0,10,0.375,-12.396,1,Lil Jimmy Skit,45,2/10/2004,0.484,82.475,1,Kanye West,Hip hop,-1
0.748,2005,0.467,['Kanye West'],0.825,33573,0.307,1,164al00XRSLWG6h4hc12bD,0.0,10,0.146,-12.543,1,Skit #1,46,8/30/2005,0.911,53.629,1,Kanye West,Hip hop,-1
0.448,2009,0.833,['John Mulaney'],0.48,374773,0.867,0,1OWYw9x5rS9YeqFHigsJp1,0.0,4,0.844,-5.225,1,The Salt and Pepper Diner,46,3/24/2009,0.92,80.286,1,John Mulaney,sketch comedy,-1
0.0486,2010,0.935,['Alan Menken'],0.182,167693,0.115,0,0OAnOHYJxsMtMTZ6vf14xh,0.82,4,0.494,-16.315,1,"Waiting for the Lights - From ""Tangled""/Score",51,1/1/2010,0.0376,143.274,1,Alan Menken,Pop,-1
0.0378,2010,0.873,['Daft Punk'],0.104,148013,0.0818,0,3vYg8WcDdRyiHfOpfjqlTa,0.976,1,0.132,-14.773,1,Overture,50,1/1/2010,0.0483,72.639,1,Daft Punk,electronic,-1
0.0395,2012,0.921,['James Newton Howard'],0.0629,299800,0.0234,0,2kAwInoNljoVi4SsYCnFeo,0.971,9,0.0796,-20.537,0,Rue's Farewell,54,1/1/2012,0.0438,65.895,1,James Newton Howard,rock,-1
0.0442,2013,0.937,['Jeremy Soule'],0.0619,331476,0.172,0,2rtFUTZLSQ7cECBXfUOgJe,0.952,10,0.17,-20.773,1,Far Horizons,55,1/31/2013,0.0404,65.409,1,Jeremy Soule,classical,-1
0.039,2013,0.809,['Jeremy Soule'],0.0676,2558287,0.21,0,4uiYbSb9a0jbNctHif2j4w,0.897,4,0.0872,-29.314,0,Skyrim Atmospheres,53,1/31/2013,0.0886,75.267,1,Jeremy Soule,classical,-1
0.966,2016,0.594,['Kanye West'],0.756,44827,0.374,1,5CGS4UovzA7ftCJkLVXQju,0.0,5,0.217,-7.966,1,I Love Kanye,59,6/10/2016,0.741,80.326,1,Kanye West,Hip hop,-1
0.761,2020,0.0849,['NLE Choppa'],0.787,148759,0.713,1,44sYqNBttbXNxya33FJ3Dj,0.0,7,0.717,-5.252,1,Camelot,70,8/10/2020,0.401,175.046,1,NLE Choppa,Hip hop,-1
0.945,2020,0.742,"['21 Savage', 'Metro Boomin']",0.607,57074,0.371,1,2y3mrzWEWaAFqb2jf5fED8,0.000164,1,0.403,-14.255,0,Snitches & Rats (Interlude),69,10/2/2020,0.894,102.481,2,21 Savage,Hip hop,-1
0.327,1935,0.898,['Lead Belly'],0.802,57522,0.989,0,6qpldKZyxDzIH3kBeb1vzP,0.514,2,0.191,-7.975,0,Old Man Settin' In The Corner Dyin' (142-B-2),1,1/1/1935,0.207,133.044,1,Lead Belly,folk,-1
0.576,1954,0.544,['Louis Armstrong'],0.264,165067,0.973,0,5Ds5ooJlljZ1qJ8WdRfQRS,0.515,3,0.934,-6.818,1,Tiger Rag,3,1/1/1954,0.427,160.611,1,Louis Armstrong,jazz,-1
0.842,1965,0.903,['Tom Lehrer'],0.543,132840,0.535,0,1MqQxG7GSIaI4Col6sRsqf,0.0,3,0.767,-12.283,1,Whatever Became Of Hubert?,15,1/1/1965,0.824,92.334,1,Tom Lehrer,novelty,-1
0.177,1968,0.882,['Johnny Cash'],0.43,63680,0.652,0,6aYaK91H5FjdD8Og5eNAXd,0.0,1,0.959,-16.471,1,"Announcements and Johnny Cash Intro from Hugh Cherry - Live at Folsom State Prison, Folsom, CA (1st Show) - January 1968",24,5/2/1968,0.922,172.31,1,Johnny Cash,Country,-1
0.756,1973,0.804,"['Oscar Peterson', 'Joe Pass', 'Niels-Henning Orsted Pedersen']",0.266,331920,0.573,0,61uAmC79cslPTgyFbv2jPC,0.92,5,0.981,-15.044,1,Blues Etude - Live,33,1/1/1973,0.0626,173.474,3,Oscar Peterson,classical,-1
0.268,1975,0.86,['Richard Pryor'],0.463,130000,0.847,1,7Ad1eHzGIMY9nz9xRkXrpz,3.18e-05,2,0.936,-12.477,1,Wino Dealing with Dracula - Remastered Version,25,1/1/1975,0.936,110.84,1,Richard Pryor,black comedy,-1
0.279,1976,0.0189,['Lynyrd Skynyrd'],0.2,865867,0.826,0,7BNnwuJj2w023oJKjM82P9,0.822,5,0.985,-8.75,1,Free Bird - Live - Undubbed (Fox Theater 2001 Deluxe Edition),27,1/1/1976,0.0641,156.345,1,Lynyrd Skynyrd,blues rock,-1
0.19,1977,0.769,['Billy Joel'],0.338,121533,0.473,0,2PeB3kosc35XamDfXy3eAc,4.21e-06,7,0.725,-16.501,1,"Band Introductions - Live at Carnegie Hall, New York, NY - June 1977",29,1/1/1977,0.483,60.671,1,Billy Joel,Rock,-1
0.0318,1978,0.00716,['Jean-Michel Jarre'],0.123,143680,0.285,0,2vpkLvyod4DAhOe57yWmmb,0.861,0,0.111,-10.619,1,"Equinoxe, Pt. 1",43,1978-12,0.0358,89.747,1,Jean-Michel Jarre,Ambient,-1
0.0506,1978,0.672,"['Jim Morrison', 'The Doors']",0.265,100160,0.824,0,3uCB5PXvsQ1P6fB9fa5nMa,0.59,5,0.6,-18.359,1,Babylon Fading,31,1/1/1978,0.435,116.673,2,Jim Morrison,publisher=Greenwood Publishing Group,-1
0.035,1978,0.979,['Joe Walsh'],0.298,84640,0.00791,0,5X8B5hBhjKuY2Z7yBkQjft,0.931,0,0.11,-28.274,1,Inner Tube,26,6/1/1978,0.0292,69.096,1,Joe Walsh,blues rock,-1
0.16,1978,0.872,"['Jim Morrison', 'The Doors']",0.264,66893,0.939,0,3qlhpwcyz1bt2Xm3R1rFLc,0.737,9,0.987,-13.72,0,The World on Fire,31,1/1/1978,0.781,143.777,2,Jim Morrison,publisher=Greenwood Publishing Group,-1
0.424,1979,0.857,['Robin Williams'],0.52,486429,0.552,1,6Ka93X2GkuYeyQC1y8pjtG,1.25e-05,1,0.972,-19.593,1,Nicky Lenin,25,1/1/1979,0.907,111.722,1,Robin Williams,improvisational comedy,-1
0.616,1979,0.82,['Robin Williams'],0.513,245522,0.331,1,0LNXTK9CWISBmtAe7PICff,0.0,10,0.815,-22.549,1,Pop Goes The Weasel,25,1/1/1979,0.943,79.248,1,Robin Williams,improvisational comedy,-1
0.51,1979,0.861,['Robin Williams'],0.663,103909,0.345,1,1WBqwu6JtVRD0F0tbnvlPm,1.68e-06,10,0.955,-22.862,0,Kindergarten Of The Stars,24,1/1/1979,0.919,82.852,1,Robin Williams,improvisational comedy,-1
0.0399,1979,0.00806,['Joy Division'],0.108,252186,0.976,0,4PUTWekUXNWAmWughTwmAZ,0.517,1,0.354,-5.829,0,"The Only Mistake - The Factory, Manchester Live 11 April 1980",32,6/1/1979,0.118,90.681,1,Joy Division,gothic rock,-1
0.679,1979,0.858,['Robin Williams'],0.569,145148,0.679,1,4ErkaAxlbCvKJB92jGi9c2,0.0,9,0.697,-16.447,1,Come Inside My Mind,23,1/1/1979,0.927,102.229,1,Robin Williams,improvisational comedy,-1
0.0,1982,0.293,['Bad Brains'],0.42,45000,0.000281,0,2825UQ58tG56ozABVD8bwf,0.442,1,0.749,-15.637,1,Intro,28,1/1/1982,0.398,79.383,1,Bad Brains,alternative metal,-1
0.435,1982,0.962,['Eddie Murphy'],0.416,228307,0.817,1,0B88AxiCoellw6uBzJh5cq,1.68e-06,5,0.974,-11.345,0,Moses,25,1/1/1982,0.892,77.61,1,Eddie Murphy,musical comedy,-1
0.502,1983,0.994,['Daniel Johnston'],0.731,96760,0.0814,0,5p2B5ErgcXPKk8UJmmf8y8,0.853,0,0.108,-26.135,0,I Am A Baby (In My Universe),28,9/1/1983,0.62,128.075,1,Daniel Johnston,Outsider,-1
0.104,1983,0.823,['Robin Williams'],0.508,337355,0.526,1,5uP4WyhiUVxpeZbIdVH1t6,4.25e-06,10,0.845,-24.607,1,Throbbing Python Of Love,25,1/1/1983,0.94,85.223,1,Robin Williams,improvisational comedy,-1
0.101,1983,0.869,['Robin Williams'],0.524,179722,0.512,1,6myYDxeiyEdwJJXXpPzSCR,4.14e-05,2,0.894,-20.944,1,Cats,25,1/1/1983,0.918,108.305,1,Robin Williams,improvisational comedy,-1
0.151,1983,0.791,['Robin Williams'],0.511,258401,0.402,1,4TA200ZESlnLvWD5dIdZxP,0.0,2,0.961,-25.399,1,Wines,24,1/1/1983,0.93,90.84,1,Robin Williams,improvisational comedy,-1
0.118,1983,0.858,['Robin Williams'],0.485,223432,0.506,1,5VhPJxUYEpSJpFW1ZcYvrt,1.66e-05,6,0.828,-22.268,1,Back Home,24,1/1/1983,0.902,108.277,1,Robin Williams,improvisational comedy,-1
0.262,1983,0.876,['Robin Williams'],0.57,76017,0.622,1,5qwyhD2wbONy8XBL3eUW52,0.000406,9,0.686,-22.756,1,Richard Simmons,24,1/1/1983,0.919,130.604,1,Robin Williams,improvisational comedy,-1
0.0315,1983,0.972,['Brian Eno'],0.0678,263307,0.0453,0,5Qpkug9gDa6yQAMzpIgaDL,0.941,0,0.114,-21.066,1,Like I Was A Spectator,35,7/1/1983,0.0502,75.205,1,Brian Eno,Ambient,-1
0.184,1983,0.882,['Robin Williams'],0.466,245975,0.528,1,4eLpvo0IleMdzu8oPQNyv3,0.000149,9,0.922,-21.129,1,Shake Hands With Mr Happy,24,1/1/1983,0.936,166.82,1,Robin Williams,improvisational comedy,-1
0.198,1986,0.834,['Robin Williams'],0.581,111347,0.905,0,6hknwntxKpsghhdh8VnDqp,0.0,5,0.787,-10.797,1,Khadafi - Live,26,4/11/1986,0.945,95.519,1,Robin Williams,improvisational comedy,-1
0.154,1986,0.87,['Robin Williams'],0.521,251147,0.887,0,0L2uKtQAT0MQSB5AUDKNIb,0.0,5,0.749,-11.159,0,Cocaine - Live,25,4/11/1986,0.958,64.525,1,Robin Williams,improvisational comedy,-1
0.168,1986,0.789,['Robin Williams'],0.545,173640,0.735,0,7magEu4Us2mzPtkfz25BUh,0.0,8,0.729,-14.15,1,Cops - Live,25,4/11/1986,0.96,81.632,1,Robin Williams,improvisational comedy,-1
0.186,1986,0.882,['Robin Williams'],0.496,254547,0.873,0,1SDq8S0ct9qDcQglAdFJec,0.0,7,0.94,-11.872,1,Childbirth - Live,25,4/11/1986,0.958,69.595,1,Robin Williams,improvisational comedy,-1
0.0928,1989,0.00253,['Faith No More'],0.138,341640,0.922,0,7w5BiU7FKTioZLF9btCx1R,0.816,9,0.198,-12.127,1,Woodpecker from Mars,35,1/1/1989,0.201,87.162,1,Faith No More,post-punk,-1
0.145,1989,0.000668,['Fugazi'],0.344,130560,0.995,0,4gXeCpsRwaa4puBYzEIynv,0.708,11,0.188,-4.827,0,Lockdown,32,1/1/1989,0.317,76.978,1,Fugazi,experimental rock,-1
0.0342,1992,3.85e-06,['Darkthrone'],0.141,421680,0.999,1,1qY7zhfiiMVzb38kJ2806t,0.00804,11,0.109,-5.335,1,In the Shadow of the Horns - Studio,41,2/26/1992,0.14,145.834,1,Darkthrone,publisher=About.com,-1
0.08,1994,0.000285,['Pantera'],0.322,291840,0.983,1,09f12NM8XXy8oy5L1a2uKO,0.708,2,0.11,-5.591,1,Use My Third Arm,39,1/1/1994,0.1,120.505,1,Pantera,heavy metal,-1
0.105,1995,0.0867,['Pink Floyd'],0.428,649067,0.684,0,5YAzmqb3i4ltub07mU90Vs,0.366,9,0.937,-11.987,1,Sorrow - Live,44,1/1/1995,0.0427,95.008,1,Pink Floyd,psychedelia,-1
0.0603,1995,0.599,['Pink Floyd'],0.295,352000,0.294,0,4mdhTaiGMpwy6U1tDUhfQl,0.251,5,0.995,-15.308,1,The Great Gig in the Sky - Live,43,1/1/1995,0.034,59.602,1,Pink Floyd,psychedelia,-1
0.108,1995,0.0016,['Foo Fighters'],0.192,349893,0.977,0,5EwyzrFLXlcnPenrPQ9DlO,0.867,7,0.27,-9.027,1,Exhausted,41,7/4/1995,0.0932,120.652,1,Foo Fighters,hard rock,-1
0.714,1996,0.44,['Fugees'],0.784,359640,0.438,1,01Zgtq7fhxX6jEywd2WYrh,0.0,11,0.655,-13.994,0,Manifest/Outro,42,2/13/1996,0.487,94.641,1,Fugees,progressive hip hop,-1
0.321,1997,0.574,['The Notorious B.I.G.'],0.592,48133,0.993,1,3DzmXojNacImcQ2uIM1wQS,0.000142,7,0.627,-5.129,1,B.I.G. (Interlude) - 2014 Remaster,41,3/4/1997,0.491,99.608,1,The Notorious B.I.G.,Hip hop,-1
0.187,1998,0.845,['Rob Zombie'],0.496,103107,0.825,0,6kT2VCmHwlASVk9iyZrKj8,0.977,11,0.675,-15.431,0,Perversion 99,39,1/1/1998,0.041,140.0,1,Rob Zombie,heavy metal,-1
0.428,1998,0.00629,['Boards of Canada'],0.913,472520,0.429,0,6G4Iu30Hp9SHWQ1k2Fow7i,0.868,5,0.0791,-13.764,0,Happy Cycling,43,4/20/1998,0.133,100.01,1,Boards of Canada,Electronic,-1
0.0626,1999,6.87e-06,['Mushroomhead'],0.23,192986,0.993,1,0XSvuQnKl4ssIqunUzOd2d,0.779,11,0.14,-3.762,1,Before I Die,40,3/9/1999,0.266,163.105,1,Mushroomhead,nu metal,-1
0.0466,2004,0.98,"['Ennio Morricone', 'Yo-Yo Ma', 'Roma Sinfonietta']",0.105,145147,0.208,0,7ufjlAqHC2ED4y8574RM6v,0.838,7,0.374,-15.295,1,The Mission: The Falls,46,1/1/2004,0.0381,157.851,3,Ennio Morricone,classical,-1
0.95,2005,0.253,['Kanye West'],0.731,31360,0.412,1,466XcSgGAiQxcDrcV0yoMP,0.0,11,0.164,-11.59,0,Skit #2,44,8/30/2005,0.946,66.512,1,Kanye West,Hip hop,-1
0.0344,2006,0.956,['Jeremy Soule'],0.0674,281548,0.0267,0,4Qf4sunHJJz4581avJ07kX,0.947,3,0.11,-25.469,0,Minstrel's Lament,47,3/20/2006,0.0388,71.49,1,Jeremy Soule,classical,-1
0.0495,2011,0.992,['Ludovico Einaudi'],0.277,411080,0.0314,0,0VLascXUZ2Ze2u5kUD5J1f,0.943,2,0.0712,-30.21,1,I Giorni,63,1/1/2011,0.0545,131.571,1,Ludovico Einaudi,film score,-1
0.0634,2012,0.581,['The Weeknd'],0.287,363640,0.498,1,3sk0k4PXonU7K2N4S6FHXF,7.56e-05,6,0.322,-7.523,0,Loft Music,46,1/1/2012,0.177,171.725,1,The Weeknd,Pop,-1
0.0391,2013,0.978,['C418'],0.102,185000,0.0265,0,0G6qJsqHP0Bbe5XuRjxGQq,0.963,1,0.0817,-20.832,1,Mutation,52,11/9/2013,0.042,73.097,1,C418,Ambient,-1
0.0658,2020,0.0279,['Bryson Tiller'],0.374,179976,0.577,1,4SVTus5gJc5cfkFZ8ELK1p,5.6e-06,1,0.562,-7.085,1,Years Go By,69,10/2/2020,0.302,184.201,1,Bryson Tiller,R&B,-1
0.919,1947,0.995,['Geeta Dutt'],0.672,256962,0.476,0,6hEVBaqghgXNuQyMPbqBIY,0.814,11,0.288,-8.269,1,Mere Piya To Base Pardes Re,0,1/1/1947,0.198,78.104,1,Geeta Dutt,Classical,-1
0.783,1949,0.995,['Geeta Dutt'],0.718,206175,0.122,0,2oaLzpMc0MWw0JjIJZ3wtL,0.402,5,0.162,-10.798,0,Bolo Mara Nandanba,0,6/28/1949,0.557,81.779,1,Geeta Dutt,Classical,-1
0.816,1951,0.995,"['Mohammed Rafi', 'Asha Bhosle']",0.711,177582,0.181,0,2C9VANMukezWUd4AL7NXk3,0.687,11,0.121,-14.985,0,Jo Kuchh Humen Kahna Hai,0,12/31/1951,0.624,163.944,2,Mohammed Rafi,Shabad,-1
0.606,1952,0.995,"['Mohammed Rafi', 'Shamshad Begum']",0.484,203704,0.163,0,2FkV0dzjgY2IccL3cpuPVY,0.941,6,0.115,-17.853,0,Rangrangilee Duniya Mein,0,12/31/1952,0.278,69.495,2,Mohammed Rafi,Shabad,-1
0.834,1953,0.993,['Lata Mangeshkar'],0.688,192337,0.19,0,1XVxILstgXGQAkRPUjBkRp,0.902,2,0.0981,-12.28,1,Tu Ishq Se Dar Bemaut Na Mar,0,12/31/1953,0.761,68.226,1,Lata Mangeshkar,classical,-1
0.888,1954,0.993,['Lata Mangeshkar'],0.567,194496,0.249,0,0LWLv40SkggJ7vvx4vpOND,0.782,1,0.198,-11.344,1,Koyel Bole Ku Papiha Bole Pi,0,4/30/1954,0.441,173.47,1,Lata Mangeshkar,classical,-1
0.45,1955,0.356,['Louis Armstrong'],0.418,310027,0.932,0,7igTORFCLUx9ybMdwIgIHL,0.672,7,0.979,-10.073,0,Royal Garden Blues,5,1/1/1955,0.5,124.251,1,Louis Armstrong,jazz,-1
0.288,1959,0.915,['Art Blakey'],0.361,335933,0.166,0,5H5B31eSz9Z1ebuSIccj9O,0.859,0,0.781,-17.074,0,I Remember Clifford,15,1/1/1959,0.0611,62.172,1,Art Blakey,hard bop,-1
0.381,1959,0.765,['Harry Belafonte'],0.574,761853,0.666,0,2Db2U7GBVPz4dn0SQvCOrM,1.59e-06,8,0.809,-12.874,1,Matilda - Live,13,7/1/1959,0.831,77.907,1,Harry Belafonte,Calypso,-1
0.765,1960,0.968,"['Manna Dey', 'Asha Bhosle', 'Sudha Malhotra', 'S. D. Batish', 'Mohammed Rafi']",0.471,708220,0.803,0,32vlbszPBrCSOXNRI7LB07,0.817,1,0.22,-5.8,1,Na To Caravan Ki Talash Hai,12,1/1/1960,0.125,101.028,5,Manna Dey,Classical,-1
0.0686,1966,0.852,['Ennio Morricone'],0.12,131880,0.426,0,2Hvw0AS8RhT8TKY2nOuleb,0.896,10,0.321,-6.615,1,The Carriage of the Spirits - La Carrozza Dei Fantasmi,19,1/1/1966,0.0311,70.651,1,Ennio Morricone,classical,-1
0.151,1967,0.204,"['Frank Zappa', 'The Mothers Of Invention']",0.136,61053,0.937,0,0PEN1E3VWQ0jAcd7ONuuAl,0.804,11,0.636,-6.837,1,Amnesia Vivace,23,5/26/1967,0.0822,86.231,2,Frank Zappa,Rock,-1
0.331,1973,0.941,"['Oscar Peterson', 'Joe Pass', 'Niels-Henning Orsted Pedersen']",0.332,832840,0.362,0,3XZGTlTWpzrxiAT9tjzlSL,0.909,10,0.933,-16.326,1,Chicago Blues - Live,31,1/1/1973,0.0355,79.178,3,Oscar Peterson,classical,-1
0.0343,1974,0.151,['Kraftwerk'],0.236,401987,0.192,0,4QSuBZiLccXIvKL0zn8bTx,0.856,0,0.0618,-18.919,1,Kometenmelodie 1 - 2009 Remaster,29,1/1/1974,0.0409,69.72,1,Kraftwerk,Electronic,-1
0.325,1975,0.89,['Richard Pryor'],0.526,426040,0.575,1,2c8wq63BRM6bB0zOtmmCWl,0.0,6,0.706,-14.181,0,Wino & Junkie - Remastered Version,23,1/1/1975,0.943,137.109,1,Richard Pryor,black comedy,-1
0.0382,1975,0.168,['Brian Eno'],0.0915,595933,0.213,0,2EIFUg8PMnZcbmUtFFYOsO,0.919,2,0.124,-17.735,1,Fullness Of Wind (Variation On 'The Canon In D Major' By Johann Pachelbel) - Remastered 2004,28,11/1/1975,0.0438,87.611,1,Brian Eno,Ambient,-1
0.221,1975,0.855,['Richard Pryor'],0.511,70160,0.748,1,6TgZN51J1kNRrl9GooOU27,0.0,6,0.848,-13.023,1,Flying Saucers - Remastered,23,1/1/1975,0.935,107.134,1,Richard Pryor,black comedy,-1
0.248,1975,0.824,['Richard Pryor'],0.559,150307,0.74,1,57dtNTwB3Uu2RySRbnP5FD,0.0,9,0.863,-13.591,0,Have Your Ass Home by 11:00 - Remastered Version,23,1/1/1975,0.95,61.793,1,Richard Pryor,black comedy,-1
0.0356,1976,0.0395,['Jean-Michel Jarre'],0.263,615173,0.641,0,44nUMbOtZHfAvYZG0gcxOH,0.666,0,0.542,-11.004,1,"Oxygene, Pt. 5",40,12/2/1976,0.0366,96.307,1,Jean-Michel Jarre,Ambient,-1
0.0266,1978,0.962,['Harold Budd'],0.0892,859600,0.0162,0,2oWwrX6JGdRC4cUnJlYiWF,0.962,5,0.0887,-31.304,0,Rosetti Noise/Chrystal Garden And A Coda,28,1/1/1978,0.0449,56.015,1,Harold Budd,Minimalism,-1
0.0312,1978,0.981,['Harold Budd'],0.127,500027,0.034,0,2H96z4OFcMTTopEgIX49ci,0.791,3,0.0929,-30.796,1,Juno,27,1/1/1978,0.0452,78.848,1,Harold Budd,Minimalism,-1
0.732,1979,0.914,['Robin Williams'],0.543,464910,0.359,1,1lDkGVd58jDU48AEzLXw5L,1.81e-06,0,0.809,-18.435,1,Reverend Earnest Angry,23,1/1/1979,0.6,134.773,1,Robin Williams,improvisational comedy,-1
0.45,1979,0.845,['Robin Williams'],0.549,64528,0.65,1,7obBmF4kdqZ7XlXsxwU5M3,2.08e-05,7,0.768,-20.189,1,A Touch Of Fairfax,23,1/1/1979,0.623,45.518,1,Robin Williams,improvisational comedy,-1
0.242,1980,0.812,['Rodney Dangerfield'],0.498,1171360,0.736,1,4pX7shPLZKt6MEfbk8Vfk4,0.0,5,0.565,-14.779,1,No Respect,22,1/1/1980,0.95,83.932,1,Rodney Dangerfield,observational comedy,-1
0.0347,1980,0.91,"['Wendy Carlos', 'Rachel Elkind']",0.122,173068,0.22,0,46onaZFYtcf0JDnLggx7yT,0.844,4,0.473,-21.677,0,Rocky Mountains,27,5/23/1980,0.0464,149.202,2,Wendy Carlos,Electronic,-1
0.414,1982,0.938,['Eddie Murphy'],0.507,106200,0.952,1,0HZdUnbj4g770srDZuNBU6,0.0,11,0.967,-9.386,1,The Barbecue,25,1/1/1982,0.92,139.226,1,Eddie Murphy,musical comedy,-1
0.21,1982,0.845,['Eddie Murphy'],0.527,487907,0.94,1,2Gi4kol0T5Gzbpnf8wQX3J,0.0,6,0.945,-9.718,1,Drinking Fathers,25,1/1/1982,0.887,87.543,1,Eddie Murphy,musical comedy,-1
0.525,1982,0.00696,['The Adicts'],0.254,178520,0.987,1,5MnHWV9Vd3Ovt4QrhgDoeW,0.00314,11,0.381,-5.572,0,Easy Way Out,27,1/1/1982,0.336,181.07,1,The Adicts,new wave,-1
0.709,1983,0.797,['Robin Williams'],0.55,76744,0.455,1,4Ox4T4YrPnTpWPMHQgNXcg,0.000203,4,0.945,-20.605,1,Elmer Fudd Sings Bruce Springsteen,24,1/1/1983,0.359,71.044,1,Robin Williams,improvisational comedy,-1
0.25,1983,0.00336,['Bad Brains'],0.172,140160,0.985,0,78XxfX2Lok4XjadrqeV4B7,0.748,5,0.426,-10.453,0,Supertouch,26,1/1/1983,0.105,176.032,1,Bad Brains,alternative metal,-1
0.0398,1983,0.961,['Brian Eno'],0.262,264867,0.11,0,4ZknuVR2jOpMOcfwWpsuEr,0.985,8,0.0829,-23.161,1,An Ending (Ascent) - Remastered 2019,32,7/1/1983,0.0842,70.977,1,Brian Eno,Ambient,-1
0.212,1983,0.84,['Robin Williams'],0.585,188873,0.47,1,2K1Dfk57ZV46p0ZmOOeQBN,0.0,3,0.902,-24.345,1,The Falklands,22,1/1/1983,0.949,57.073,1,Robin Williams,improvisational comedy,-1
0.929,1983,0.986,['Daniel Johnston'],0.73,32453,0.788,0,7qqIdeNyjwRcCLqYxRdFGg,0.946,2,0.114,-14.157,1,Get Yourself Together,25,9/1/1983,0.529,100.085,1,Daniel Johnston,Outsider,-1
0.11,1986,0.834,['Robin Williams'],0.527,97933,0.942,0,4lIeuM9wjqAGdx5hLfthUj,0.0,11,0.828,-10.92,0,Men's Parts - Live,24,4/11/1986,0.955,165.202,1,Robin Williams,improvisational comedy,-1
0.125,1986,0.828,['Robin Williams'],0.617,92773,0.869,0,4p3PRzYpFARrDW5Z8Xl4kq,0.0,6,0.97,-12.754,1,Spring - Live,24,4/11/1986,0.96,61.2,1,Robin Williams,improvisational comedy,-1
0.25,1986,0.814,['Robin Williams'],0.652,273773,0.919,0,7pbNkiTHXc4nu1AxKtLXfu,0.0,10,0.924,-11.395,1,Dr. Roof - Live,24,4/11/1986,0.952,65.244,1,Robin Williams,improvisational comedy,-1
0.189,1986,0.78,['Robin Williams'],0.634,128320,0.84,1,2L3ZJslWXx7R6AibRfUyIa,0.0,1,0.973,-11.473,1,Pregnancy - Live,24,4/11/1986,0.925,113.763,1,Robin Williams,improvisational comedy,-1
0.13,1986,0.905,['Robin Williams'],0.495,363413,0.876,0,6xoL78uKBDcjuyPOrZLopB,0.0,1,0.693,-11.494,1,Childhood - Live,24,4/11/1986,0.96,77.555,1,Robin Williams,improvisational comedy,-1
0.0411,1986,0.936,['Ennio Morricone'],0.092,97667,0.0738,0,7hnCaQEval6RNY94wx7XMv,0.982,7,0.173,-18.457,1,Climb,38,1/1/1986,0.0435,72.406,1,Ennio Morricone,classical,-1
0.0357,1988,0.219,['Jimi Hendrix'],0.166,42907,0.909,0,57im5UyAqXFTO6IfbjDOnx,0.981,8,0.812,-19.812,0,The Star Spangled Banner - Woodstock Festival Excerpt,36,10/10/1988,0.109,113.021,1,Jimi Hendrix,Rock,-1
0.0374,1989,0.982,['Philip Glass'],0.238,824733,0.091,0,2ftHpReHQLPrCfR6ZCmXub,0.947,5,0.123,-23.608,1,Mad Rush,32,8/22/1989,0.0383,130.833,1,Philip Glass,Minimalism,-1
0.0188,1992,0.636,['Aphex Twin'],0.461,363920,0.999,0,0EK8vqmwSCqY5b7CemNc9I,0.961,5,0.0825,-12.8,0,Hedphelym,39,2/10/1992,0.24,124.915,1,Aphex Twin,Electronic,-1
0.0477,1994,0.994,['Aphex Twin'],0.278,531427,0.0333,0,4Rjz6GjnEtG9upOBj6vGKK,0.981,1,0.0928,-28.188,0,#7,39,3/7/1994,0.0341,72.045,1,Aphex Twin,Electronic,-1
0.111,1996,1.07e-06,['Burzum'],0.266,473307,0.742,0,2IPXLiYZh7UjY0R3JWRwM6,0.978,4,0.446,-8.462,1,Erblicket Die Tochter Des Firmaments,43,1/1/1996,0.0518,89.384,1,Burzum,website=Allmusic,-1
0.212,1998,0.88,['DMX'],0.412,60840,0.927,1,0gHzbuqS9K2AX3OKiwBLKX,0.0,4,0.576,-13.042,1,The Storm - Skit,37,5/1/1998,0.762,109.825,1,DMX,Hip hop,-1
0.106,2000,0.00309,['Queens of the Stone Age'],0.271,172533,0.966,1,48lIoKOJ9KOedV2PKgIfUT,0.101,5,0.757,-4.456,0,Tension Head,38,6/6/2000,0.113,93.066,1,Queens of the Stone Age,stoner rock,-1
0.141,2005,0.0411,['Kanye West'],0.722,78667,0.258,1,3zXhvJaLpxefYIxBE0cnB0,0.0,10,0.148,-19.633,0,Skit #4,43,8/30/2005,0.873,118.732,1,Kanye West,Hip hop,-1
0.807,2006,0.011,['J Dilla'],0.387,107293,0.761,1,5jZgeKeNDkx6vxad9duCR0,0.224,10,0.775,-9.68,0,Two Can Win,44,2/7/2006,0.41,185.182,1,J Dilla,Time Out,-1
0.125,2007,0.000322,['Alter Bridge'],0.157,199480,0.976,0,7JZ1zMaeb0U2uGM9PI7Ez8,0.000132,7,0.319,-4.569,0,Ties That Bind,43,1/1/2007,0.387,78.601,1,Alter Bridge,heavy metal,-1
0.223,2010,0.887,['Robin Williams'],0.585,324827,0.936,1,2ldwopQUfCiBeTG2kazF63,0.0,10,0.773,-8.764,1,"Fires, Weed And The Weather - Explicit Audio",44,3/26/2010,0.94,134.107,1,Robin Williams,improvisational comedy,-1
0.0334,2010,0.982,"['Gorillaz', 'Sinfonia ViVa']",0.107,69387,0.376,0,3s2f6XU5sJ6aqEe7GgDBta,0.905,4,0.347,-12.342,1,Orchestral Intro (feat. Sinfonia ViVA),50,3/3/2010,0.0397,161.42,2,Gorillaz,electronic,-1
0.0346,2011,0.993,['Bon Iver'],0.17,93360,0.0219,0,159ld20LzWoNcdk5HmPjjW,0.917,4,0.0873,-26.439,1,"Lisbon, OH",47,6/21/2011,0.0414,69.827,1,Bon Iver,website=AllMusic,-1
0.236,2011,0.776,['Daniel Tosh'],0.561,334680,0.96,1,5PiSY6VrudzjoDNlwBsDS3,0.0,1,0.69,-5.781,1,5,44,3/8/2011,0.93,88.824,1,Daniel Tosh,black comedy,-1
0.0322,2013,0.98,['Jeremy Soule'],0.133,237794,0.0297,0,63zmiYZRPVSRLoYXbqfLPv,0.956,9,0.0906,-29.885,0,Dawn,52,1/31/2013,0.044,88.834,1,Jeremy Soule,classical,-1
0.0387,2013,0.855,['C418'],0.115,296000,0.0534,0,36Cv84a2qCZarCdtTcMJnj,0.935,10,0.107,-26.575,0,Dead Voxel,51,11/9/2013,0.039,65.458,1,C418,Ambient,-1
0.0359,2013,0.899,['Jeremy Soule'],0.132,545268,0.0861,0,5K6HZ4t7rUb2VbZqmBPPfY,0.811,2,0.11,-24.863,0,Wind Guide You,52,1/31/2013,0.0429,71.243,1,Jeremy Soule,classical,-1
0.0385,2013,0.967,['Jeremy Soule'],0.0727,229501,0.0502,0,0lIDOHnoe4RJgm6rzowj6x,0.969,10,0.0757,-28.819,1,Tundra,52,1/31/2013,0.0401,78.152,1,Jeremy Soule,classical,-1
0.416,2015,0.665,['Kendrick Lamar'],0.567,727107,0.525,1,1WT11QmhZutciEv1NsHt1R,0.0,10,0.708,-9.043,0,Mortal Man,54,3/16/2015,0.75,86.935,1,Kendrick Lamar,Hip hop,-1
0.494,2017,0.142,['Kendrick Lamar'],0.357,118067,0.238,1,1n4jwRVXdkK2U34nBDUKKT,0.0859,8,0.55,-16.78,0,BLOOD.,60,4/14/2017,0.265,156.907,1,Kendrick Lamar,Hip hop,-1
0.0789,2018,0.0133,['21 Savage'],0.593,235232,0.632,1,4B8vU5oDXVxO5OkLAI4aLx,0.0,6,0.64,-5.381,0,out for the night - part 2,61,12/24/2018,0.541,173.369,1,21 Savage,Hip hop,-1
0.0703,2018,0.000897,['21 Savage'],0.879,288364,0.41,1,1uULQtJ8rbsX5TwjPpPc9Q,2.09e-05,8,0.108,-9.233,1,4L,60,12/21/2018,0.551,80.011,1,21 Savage,Hip hop,-1
0.623,2019,0.887,['Rod Wave'],0.668,111752,0.365,1,0Doa5K0ifq5RgdTWngqoYS,0.0,2,0.0763,-9.465,1,Chip On My Shoulder,59,11/1/2019,0.509,71.066,1,Rod Wave,Hip hop,-1
0.707,2020,0.301,['Jeremy Zucker'],0.778,174520,0.313,1,2b2LUjMx9LKwIARJf93Rbd,0.0,4,0.667,-9.288,1,not ur friend,71,4/17/2020,0.421,68.936,1,Jeremy Zucker,Pop,-1
0.654,2020,0.312,"['21 Savage', 'Metro Boomin']",0.427,70044,0.473,1,5UpXJ75CXod4PCoBQP6MAP,0.369,1,0.527,-11.104,1,Intro,67,10/2/2020,0.15,80.972,2,21 Savage,Hip hop,-1
0.842,1948,0.995,['Geeta Dutt'],0.733,165437,0.329,0,5dxNwWJkeKdYYOFMnze4ZT,0.913,8,0.188,-11.362,1,Bhabhi O Bhabhi,0,12/31/1948,0.456,120.446,1,Geeta Dutt,Classical,-1
0.655,1949,0.861,['Lead Belly'],0.509,244920,0.82,0,3KGD5x2TeYqXieS6qdKRsr,0.536,4,0.676,-6.281,1,Skip To My Lou,0,1/1/1949,0.559,100.845,1,Lead Belly,folk,-1
0.0,1949,0.0,['Sarah Vaughan'],0.0,6467,0.0,0,3lRVIn6D6EUbvkOgPZAU1H,0.0,0,0.0,-60.0,0,Pause Track,0,1/1/1949,0.0,0.0,1,Sarah Vaughan,traditional pop,-1
0.703,1958,0.499,"['Louis Prima', 'Sam Butera & The Witnesses']",0.647,200667,0.54,0,4G7ybufhQpjb4z34cUqF9R,0.0,0,0.98,-13.885,1,Greenback Dollar Bill - Live; 1999 - Remaster,9,5/1/1958,0.825,74.116,2,Louis Prima,swing,-1
0.12,1969,0.0854,['The Who'],0.153,471814,0.937,0,5xd48NbTyx29Y4GINdGOtf,0.0365,0,0.947,-5.946,1,"See Me, Feel Me / Listening To You - Live",24,5/23/1969,0.188,97.494,1,The Who,Rock,-1
0.193,1971,0.832,['Pink Floyd'],0.209,318027,0.238,0,0fkYBsUNltE3aqnNvMsY9O,0.857,2,0.365,-19.814,1,Cirrus Minor,25,5/14/1971,0.205,73.7,1,Pink Floyd,psychedelia,-1
0.201,1973,0.877,['Elvis Presley'],0.158,151573,0.183,0,1PjxLviXtTIxw65Giknu0C,0.857,11,0.76,-18.986,1,"I'll Remember You - Live at The Honolulu International Center, Hawaii January 14, 1973",30,2/4/1973,0.0343,177.707,1,Elvis Presley,pop,-1
0.474,1973,0.981,"['Oscar Peterson', 'Joe Pass', 'Niels-Henning Orsted Pedersen']",0.339,226667,0.14,0,2SCurcXhp10jup24oJtDoz,0.853,11,0.932,-27.464,0,Come Sunday - Live,29,1/1/1973,0.0783,78.165,3,Oscar Peterson,classical,-1
0.234,1975,0.817,['Richard Pryor'],0.429,222667,0.75,1,4A3jUB9WybsE3NHC852QZV,3.21e-06,6,0.682,-13.897,1,Black & White Life Styles - Remastered Version,22,1/1/1975,0.958,76.301,1,Richard Pryor,black comedy,-1
0.374,1975,0.757,['Richard Pryor'],0.475,55133,0.897,1,3VBiJf369yU3Uchs5Cdcrv,0.000433,1,0.715,-12.322,1,Black Man / White Woman - Remastered,21,1/1/1975,0.946,61.517,1,Richard Pryor,black comedy,-1
0.0299,1976,0.934,['The Alan Parsons Project'],0.113,422493,0.0281,0,1mlNVdkIe3R6Giwk88Smsf,0.289,7,0.435,-25.215,1,The Fall Of The House Of Usher: Prelude - 1987 Remix,30,5/20/1976,0.0391,79.265,1,The Alan Parsons Project,art rock,-1
0.046,1978,0.0229,['Siouxsie and the Banshees'],0.291,111600,0.088,0,5se0IMKESSaFGP3M3Imkp5,0.914,7,0.114,-20.127,1,Pure,28,11/13/1978,0.0353,82.836,1,Siouxsie and the Banshees,new wave,-1
0.136,1978,0.0164,['Thin Lizzy'],0.213,263093,0.919,0,0h0Se3RUx4hta6TBzjSOk6,0.605,1,0.885,-9.914,1,Emerald - Live,20,1/1/1978,0.102,120.527,1,Thin Lizzy,heavy metal,-1
0.254,1978,0.466,['Patti Smith'],0.328,92240,0.902,1,7g7O1LdjH4Zx57m7uPmbCq,0.0,9,0.904,-11.714,1,Babelogue,30,1/1/1978,0.809,72.321,1,Patti Smith,Paste,-1
0.0446,1981,0.0435,['Pink Floyd'],0.282,586520,0.701,0,1xdQpyQYjCI3kVDkr3dkQd,0.397,2,0.865,-12.633,1,Sheep,27,11/23/1981,0.103,134.162,1,Pink Floyd,psychedelia,-1
0.352,1982,0.805,['Eddie Murphy'],0.46,153133,0.358,1,0FUwOaWmHGMDMOU3eNBI2E,0.0,6,0.971,-23.64,1,Black Movie Theaters,24,1/1/1982,0.908,98.156,1,Eddie Murphy,musical comedy,-1
0.347,1982,0.831,['Eddie Murphy'],0.379,204840,0.869,1,18UMFbdFOrrjWkTV0qV12z,0.0,1,0.984,-11.367,0,Ice Cream Man,24,1/1/1982,0.697,109.951,1,Eddie Murphy,musical comedy,-1
0.187,1983,0.763,['Robin Williams'],0.625,81014,0.446,1,6wUiWvoNPTb9piUcRhGBpI,0.0,1,0.962,-22.411,1,Nicholson,21,1/1/1983,0.942,100.808,1,Robin Williams,improvisational comedy,-1
0.104,1983,0.832,['Robin Williams'],0.479,138315,0.534,1,7pfC8meSgsZzVOLoGJ7IiO,1.39e-05,10,0.866,-26.651,0,Jack,21,1/1/1983,0.918,79.5,1,Robin Williams,improvisational comedy,-1
0.261,1983,0.982,['Daniel Johnston'],0.376,92000,0.668,0,4ZrQAGpYMNvWAUp8M32iwQ,0.946,2,0.155,-20.33,1,Running Water,24,9/1/1983,0.512,115.079,1,Daniel Johnston,Outsider,-1
0.123,1983,0.831,['Robin Williams'],0.577,138606,0.64,1,1jXSkoKd7QytDl4Cy7Bp2p,0.00015,11,0.869,-21.889,0,Babies,21,1/1/1983,0.874,116.357,1,Robin Williams,improvisational comedy,-1
0.145,1983,0.875,['Robin Williams'],0.59,231265,0.47,1,5ahCO2m6xo5zoCxcTpv6qG,0.0,8,0.971,-21.012,0,Christopher,21,1/1/1983,0.927,110.127,1,Robin Williams,improvisational comedy,-1
0.3,1983,0.837,['Robin Williams'],0.592,192610,0.545,1,40eeKDZFyXXJ4nMuMGmOrM,3.12e-05,6,0.948,-20.408,1,Devils Dandruff,21,1/1/1983,0.897,125.352,1,Robin Williams,improvisational comedy,-1
0.198,1986,0.948,['Robin Williams'],0.526,196880,0.711,0,6aiiiE51wPUubn6GMMi7D2,0.0,10,0.733,-12.812,1,...And the Future - Live,23,4/11/1986,0.954,51.678,1,Robin Williams,improvisational comedy,-1
0.0329,1987,0.00932,['Ozzy Osbourne'],0.1,358307,0.991,0,5erWdobFOCwtVIzNvbLhY9,0.0187,2,0.927,-4.753,1,Children of the Grave - Live 1981,31,3/19/1987,0.145,79.188,1,Ozzy Osbourne,Heavy metal,-1
0.0421,1987,0.83,['U2'],0.261,125345,0.293,0,0g0jbM2QWWDZzWsR0TuqHa,0.721,9,0.74,-13.238,0,October - Live,37,3/3/1987,0.0329,127.702,1,U2,Rock,-1
0.782,1989,1.4e-05,['Red Hot Chili Peppers'],0.383,776200,0.899,1,1AULmzSiIcyG0OVYKWYOEw,0.829,0,0.417,-5.129,1,Song That Made Us What We Are Today,34,8/16/1989,0.0547,166.408,1,Red Hot Chili Peppers,funk metal,-1
0.0366,1989,0.963,['Danny Elfman'],0.111,111000,0.0169,0,5ITTcBNXEXhuMwUPOMG691,0.939,9,0.0765,-29.501,1,Flowers,29,8/8/1989,0.0366,79.501,1,Danny Elfman,pop,-1
0.224,1990,2.47e-06,['Gwar'],0.326,244273,0.883,1,6M1IN1MBLD5BL8JUCEnJMJ,0.67,1,0.172,-10.313,1,Maggots,28,1/8/1990,0.231,122.618,1,Gwar,heavy metal,-1
0.139,1990,0.798,['George Carlin'],0.458,150133,0.834,1,4DM3VKYknvcnkCK4efCYmA,0.0,6,0.76,-13.217,1,Some People Are Stupid,28,11/20/1990,0.89,57.15,1,George Carlin,character comedy,-1
0.0808,1994,1.58e-06,['Bolt Thrower'],0.129,290240,0.952,0,5ZZqPBNUHwGYVKS6ucjjNH,0.827,8,0.0317,-7.295,1,For Victory,39,1/1/1994,0.0959,81.444,1,Bolt Thrower,death-doom,-1
0.0383,1995,0.000821,['Pink Floyd'],0.361,150267,0.0851,0,7wAUJ2BbuEI8Yd55cUBXtp,0.391,1,0.625,-32.574,1,Speak to Me - Live,41,1/1/1995,0.0981,99.798,1,Pink Floyd,psychedelia,-1
0.268,1995,0.254,['Three 6 Mafia'],0.621,285600,0.973,1,27ruZRRrJomRQZyCEfi5TU,0.0,2,0.26,-7.395,1,Sweet Robbery,35,5/9/1995,0.559,216.538,1,Three 6 Mafia,Memphis rap,-1
0.874,1995,0.748,['Mobb Deep'],0.671,66333,0.167,1,29Wtd44rwt8wFimq3SQEx5,0.0,9,0.189,-19.469,1,(Just Step Prelude),39,4/25/1995,0.728,95.933,1,Mobb Deep,gangsta rap,-1
0.3,1995,0.00011,['Marilyn Manson'],0.464,211600,0.997,1,5VYVcGgRxhz39ujXLRB42p,0.197,4,0.972,-4.659,0,Rock 'N' Roll Nigger,33,1/1/1995,0.0872,90.98,1,Marilyn Manson,industrial rock,-1
0.118,1996,0.00168,['Mushroomhead'],0.255,374453,0.748,1,2TCjqF298pfdoQZaTR92FJ,0.607,2,0.145,-7.283,1,Bwomp,36,9/13/1996,0.0631,140.548,1,Mushroomhead,nu metal,-1
0.0647,1996,0.00122,['Pantera'],0.402,273800,0.993,1,02r2PCS9ayW0i45hgrJsHI,0.000828,1,0.84,-3.887,1,The Underground in America,37,5/3/1996,0.238,92.458,1,Pantera,heavy metal,-1
0.135,1996,0.609,['DJ Shadow'],0.494,377400,0.931,0,4lYBuSINhkqFz2cHT4tJ3u,0.793,8,0.361,-3.454,0,What Does Your Soul Look Like - Pt. 1 / Blue Sky Revisit,38,1/1/1996,0.326,155.924,1,DJ Shadow,abstract hip-hop,-1
0.0782,1997,0.192,['Moodymann'],0.686,485307,0.634,1,2PmT3D5xmvVzZCf11L2ifX,0.858,2,0.152,-10.287,0,I Can't Kick This Feeling When It Hits,45,11/14/1997,0.0559,119.934,1,Moodymann,House,-1
0.213,1998,0.469,['DMX'],0.717,152133,0.186,1,4Vp7PokYymcoThbUoA8sQX,0.0,0,0.46,-20.016,0,Prayer - Skit,35,5/1/1998,0.939,102.082,1,DMX,Hip hop,-1
0.412,1998,0.239,['Boards of Canada'],0.853,399493,0.318,0,3Jp9ys8LTCzv9jPe0t8fHB,0.83,1,0.123,-11.538,1,Rue The Whirl,40,4/20/1998,0.226,93.097,1,Boards of Canada,Electronic,-1
0.288,1998,7.65e-06,['Marilyn Manson'],0.436,257827,0.976,1,1mI12kERORxUPtlrQe0OMb,0.599,9,0.515,-7.161,1,Posthuman,41,9/14/1998,0.182,152.915,1,Marilyn Manson,industrial rock,-1
0.516,1999,2.94e-06,['Beastie Boys'],0.223,120267,0.986,1,1JaEF8ofVVnVPj2UuD2r4N,0.721,2,0.0733,-6.291,1,I Want Some,42,1/1/1999,0.0884,175.741,1,Beastie Boys,Hip hop,-1
0.383,1999,0.757,['George Carlin'],0.506,482667,0.932,1,3SZpbMpmQ4hwsYI0PZo1ak,0.0,2,0.521,-10.328,1,Airport Security,37,2/10/1999,0.925,83.215,1,George Carlin,character comedy,-1
0.129,1999,0.364,['Jimi Hendrix'],0.187,223480,0.988,0,3lpa6fzS3rSAbRogEhWxu7,0.818,4,0.798,-3.68,1,"Star Spangled Banner - Live at The Woodstock Music & Art Fair, August 18, 1969",39,7/6/1999,0.253,112.361,1,Jimi Hendrix,Rock,-1
0.597,2002,0.00018,['Otep'],0.249,243893,0.974,1,5t4raLj2HuARdxKoDefT57,0.909,1,0.138,-3.581,1,Blood Pigs,39,1/1/2002,0.0521,84.761,1,Otep,rap metal,-1
0.173,2006,0.0144,['Kid Rock'],0.31,348533,0.953,1,1pUWkxeWdLEAKX8HPGtzm0,1.54e-06,7,0.975,-3.7,1,Motherfucker Quite Like Me - Live,40,2/28/2006,0.185,143.941,1,Kid Rock,hip hop,-1
0.0376,2006,0.89,['Jeremy Soule'],0.0725,148428,0.165,0,4gscks7wiv5gpApcDX2GRi,0.938,0,0.2,-20.544,0,Glory of Cyrodiil,45,3/20/2006,0.043,76.381,1,Jeremy Soule,classical,-1
0.472,2006,0.375,['J Dilla'],0.536,99600,0.662,1,0j02Ya49k7gkbYy78yy3cF,0.466,10,0.444,-7.384,0,Last Donut Of The Night,43,2/7/2006,0.385,80.727,1,J Dilla,Time Out,-1
0.469,2009,0.876,['John Mulaney'],0.563,476987,0.789,0,05z0aLhasBpyJjUuEqBm2c,0.0,9,0.904,-6.463,1,Law and Order and Mr. Jerry Orbach,42,3/24/2009,0.919,81.958,1,John Mulaney,sketch comedy,-1
0.183,2010,0.863,['Robin Williams'],0.576,517200,0.968,1,2XxOwj801fKJlK5GMBJt8F,0.0,9,0.892,-7.48,1,"Bush, Cheney, And The Obamas - Explicit Audio",43,3/26/2010,0.931,141.154,1,Robin Williams,improvisational comedy,-1
0.199,2011,0.825,['Louis C.K.'],0.433,502320,0.958,1,42mW8YfRXATwhNDBBv0UqH,0.0,1,0.695,-5.769,0,Dumb Thoughts,44,1/10/2011,0.95,69.839,1,Louis C.K.,blue comedy,-1
0.173,2011,0.819,['Daniel Tosh'],0.489,356173,0.981,1,3ESxGLMBnrktn7ean4jEn0,0.0,5,0.947,-5.573,0,TWO,43,3/8/2011,0.947,88.422,1,Daniel Tosh,black comedy,-1
0.0377,2016,0.976,['James Newton Howard'],0.082,111126,0.0158,0,6e9OGvs2eyNWlJWoGBpabH,0.988,9,0.0855,-33.355,1,A Close Friend,59,11/18/2016,0.0466,170.441,1,James Newton Howard,rock,-1
0.0488,2017,0.354,"['21 Savage', 'Offset', 'Metro Boomin']",0.799,160320,0.381,1,3oxCefEI6Tc6Z6t20J4IvH,3.12e-06,1,0.135,-7.147,1,Disrespectful,59,10/30/2017,0.464,158.021,3,21 Savage,Hip hop,-1
0.531,2019,0.0552,['NLE Choppa'],0.865,129306,0.428,1,3ngpmF7yiqVMesqqGuepX1,0.0,1,0.307,-9.901,1,BIRDBOY,59,4/18/2019,0.853,123.163,1,NLE Choppa,Hip hop,-1
0.865,1949,0.996,['Geeta Dutt'],0.807,152173,0.156,0,3vApwYFNl6QmOKHhRxLIbn,0.928,11,0.107,-15.547,1,Kanuda Tari Morliye,1,1/7/1949,0.119,121.358,1,Geeta Dutt,Classical,-1
0.798,1949,0.995,"['Lata Mangeshkar', 'Chitalkar']",0.651,183990,0.195,0,4IfRQCGYnIsjCf0fTb7B00,0.899,6,0.111,-13.971,1,Chori Chori Tumse Mulaqat Huyi,0,12/31/1949,0.285,178.397,2,Lata Mangeshkar,classical,-1
0.7,1950,0.996,"['Geeta Dutt', 'Lata Mangeshkar']",0.573,197633,0.16,0,1p4VyPnPQiNdallpF42fkt,0.906,5,0.174,-13.365,1,Panghat Mein Na Jaiyo,0,12/31/1950,0.563,70.419,2,Geeta Dutt,Classical,-1
0.487,1951,0.992,['Lata Mangeshkar'],0.575,163500,0.239,0,31SN7HQUT9ApA5lceSQ8xm,0.883,5,0.808,-9.66,0,Meri Barbadiyon Par Muskurane,0,12/31/1951,0.0901,79.726,1,Lata Mangeshkar,classical,-1
0.352,1951,0.965,"['Mohammed Rafi', 'Asha Bhosle']",0.216,398659,0.947,0,3CY4YNQHzLo0anjlB55DSg,0.127,9,0.33,-8.278,1,Balle Balle Tusin Kithe,0,1/4/1951,0.374,73.52,2,Mohammed Rafi,Shabad,-1
0.542,1952,0.993,['Lata Mangeshkar'],0.48,187933,0.0905,0,2mvHfYpcSYXLa4e9ah1kGP,0.943,11,0.39,-22.243,1,Jiya Churaye Liye Jaye,0,1/1/1952,0.0834,70.285,1,Lata Mangeshkar,classical,-1
0.804,1954,0.944,['Pete Seeger'],0.539,26080,0.13,0,0i6sLB3pSTWqSKGcRsP4kw,0.938,7,0.266,-23.596,1,"Using This Method, And a Little",0,1/1/1954,0.22,131.487,1,Pete Seeger,Americana,-1
0.845,1954,0.955,['Lata Mangeshkar'],0.47,195093,0.384,0,0wGQO6aZ3sPfnYNWcI6ydH,0.889,4,0.292,-14.03,1,Tandana Tandana Tandana,0,12/31/1954,0.281,191.994,1,Lata Mangeshkar,classical,-1
0.184,1957,0.986,['Thelonious Monk'],0.548,584453,0.0431,0,7sDMv9aGwgScekUeQmGDFZ,0.921,10,0.0776,-21.549,1,Functional (take 1),6,1/1/1957,0.0662,70.618,1,Thelonious Monk,bebop,-1
0.0904,1957,0.978,['Thelonious Monk'],0.619,195827,0.00926,0,2TAgsOjMiVwjjOocWYUf33,0.942,2,0.0664,-20.554,1,I Should Care - Take 3,6,1/1/1957,0.08,79.365,1,Thelonious Monk,bebop,-1
0.379,1968,0.843,['Johnny Cash'],0.62,58293,0.477,0,0vA392AMBcDGpmGub0bSyj,0.0,1,0.911,-17.652,1,"June's Poem - Live at Folsom State Prison, Folsom, CA (1st Show) - January 1968",20,5/2/1968,0.944,71.794,1,Johnny Cash,Country,-1
0.296,1968,0.254,['Elvis Presley'],0.234,881482,0.855,0,1v31NTZrnXnKv4vb1F2cqp,0.158,9,0.939,-10.168,0,"Medley: Lawdy, Miss Clawdy / Baby, What You Want Me to Do / Heartbreak Hotel / Hound Dog / All Shook Up / Can't Help Falling In Love / Jailhouse Rock / Love Me Tender - Live from the '68 Comeback Special",23,11/22/1968,0.257,140.88,1,Elvis Presley,pop,-1
0.568,1971,0.256,['The Rolling Stones'],0.328,686693,0.87,0,1XudeTABHeEFSMo0Nvuj7E,0.429,9,0.885,-4.573,1,Midnight Rambler - Live At The Roundhouse / 1971,25,4/23/1971,0.0818,146.586,1,The Rolling Stones,Rock,-1
0.0839,1972,0.809,['George Carlin'],0.314,966573,0.68,1,6IYOZYxknSUvYJVdAr6qaP,0.0,11,0.477,-21.277,0,Class Clown - Bi-Labial Fricative / Attracting Attention / Squeamish,20,4/1/1972,0.815,79.274,1,George Carlin,character comedy,-1
0.54,1973,0.332,['Neil Diamond'],0.284,378947,0.94,0,2pt96ni1QInw2tHkySgJU9,0.000381,9,0.975,-6.565,1,"Holly Holy - Live At The Greek Theatre, Los Angeles/1972",31,3/3/1973,0.371,181.451,1,Neil Diamond,Rock,-1
0.319,1975,0.792,['Richard Pryor'],0.42,113267,0.775,1,4DRrceRpu1iNfF8NmAEqdO,2.61e-06,2,0.973,-13.291,1,Exorcist - Remastered Version,21,1/1/1975,0.955,81.993,1,Richard Pryor,black comedy,-1
0.472,1975,0.936,['Tom Waits'],0.514,55800,0.558,0,45GumkTqdjmfLGazMye9KZ,2.19e-06,10,0.513,-13.85,1,Intro To Warm Beer And Cold Women,25,10/21/1975,0.929,74.044,1,Tom Waits,Experimental,-1
0.0717,1976,0.201,['The Alan Parsons Project'],0.112,159640,0.886,0,5eG8W1giHbczOjmCX8S5mY,0.963,4,0.37,-12.819,0,The Fall Of The House Of Usher: Arrival - 1987 Remix,30,5/20/1976,0.182,76.315,1,The Alan Parsons Project,art rock,-1
0.0329,1977,0.493,['The Alan Parsons Project'],0.191,202427,0.733,0,3H01R1DyCNYk4xLjnxR1uH,0.984,9,0.433,-13.757,1,Nucleus,27,6/1/1977,0.0986,124.732,1,The Alan Parsons Project,art rock,-1
0.563,1978,0.437,['The Rolling Stones'],0.382,191267,0.997,0,1AzlxOVJFR0KPO6eGmQiB8,0.95,9,0.617,-1.568,1,Lies - Remastered,20,6/9/1978,0.188,162.428,1,The Rolling Stones,Rock,-1
0.389,1979,0.842,['Robin Williams'],0.504,655592,0.526,1,665Y3VnwMXXiu0C9hNI9hl,2.5e-06,1,0.962,-20.955,1,Shakespeare (A Meltdowner's Nightmare),20,1/1/1979,0.935,95.052,1,Robin Williams,improvisational comedy,-1
0.386,1979,0.909,['Robin Williams'],0.56,262664,0.424,1,1pEg7g6jPOMqzJdGRfaJ8q,6.62e-06,1,0.616,-22.733,1,Grandpa Funk,20,1/1/1979,0.924,107.259,1,Robin Williams,improvisational comedy,-1
0.622,1979,0.857,['Robin Williams'],0.652,104768,0.29,1,6oDGRZxXxQFXjBXgKOX5JJ,0.0,1,0.295,-21.528,1,Hollywood Casting Session,20,1/1/1979,0.926,85.862,1,Robin Williams,improvisational comedy,-1
0.508,1979,0.802,['Robin Williams'],0.548,110991,0.482,1,7I9C2eICKkabhK0QbmjD3f,0.0,1,0.731,-19.134,1,Roots People,20,1/1/1979,0.957,89.502,1,Robin Williams,improvisational comedy,-1
0.229,1980,0.815,['Rodney Dangerfield'],0.524,1305000,0.71,1,4X9xxuP2iPW86rxcY3sEYc,0.0,5,0.367,-14.68,1,Son Of No Respect,20,1/1/1980,0.93,116.464,1,Rodney Dangerfield,observational comedy,-1
0.171,1982,0.859,['Eddie Murphy'],0.476,479173,0.441,1,4WdOVh0ophmLBHD4HO4RcL,0.0,6,0.846,-22.706,1,Myths / A Little Chinese,23,1/1/1982,0.897,116.246,1,Eddie Murphy,musical comedy,-1
0.419,1982,0.855,['Eddie Murphy'],0.548,118493,0.257,1,7AFirPJr4Eyk62YqbA5QAR,0.0,6,0.71,-23.836,1,Effrom,23,1/1/1982,0.93,86.749,1,Eddie Murphy,musical comedy,-1
0.22,1982,0.934,['Eddie Murphy'],0.506,191533,0.934,1,61kgUlOYDYwGF4ZoYNu6Ur,3.14e-06,1,0.651,-9.513,1,Boxers,22,1/1/1982,0.945,172.728,1,Eddie Murphy,musical comedy,-1
0.467,1983,0.993,['Daniel Johnston'],0.579,282280,0.391,0,2ICmO7SNL85kTurb3o5fd6,0.877,0,0.105,-13.865,1,No More Pushing Joe Around,23,9/1/1983,0.65,64.927,1,Daniel Johnston,Outsider,-1
0.374,1983,0.73,['Robin Williams'],0.655,154645,0.218,1,0zD7iOiJNWCjgNg5mj3xSf,0.0,8,0.382,-24.287,1,Newsboy,20,1/1/1983,0.926,78.465,1,Robin Williams,improvisational comedy,-1
0.171,1983,1.81e-05,['Bad Brains'],0.171,109467,0.995,0,4QuZoRlhPnEdK5RRP9XxKU,0.812,6,0.191,-8.669,1,How Low Can a Punk Get,23,1/1/1983,0.114,188.224,1,Bad Brains,alternative metal,-1
0.935,1985,0.32,"['Bryan Ferry', 'Todd Terje']",0.699,624933,0.785,0,1nzFHScRP5kTZNI2dboy7a,0.848,2,0.59,-13.119,1,Don't Stop The Dance - Todd Terje Remix,33,1/1/1985,0.0408,126.007,2,Bryan Ferry,glam rock,-1
0.035,1986,0.84,['Harold Budd'],0.115,434707,0.209,0,11WFSZWpWVd85FzOi1EMil,0.913,3,0.0878,-17.14,1,Flowered Knife Shadows,27,1/1/1986,0.0412,56.082,1,Harold Budd,Minimalism,-1
0.188,1988,0.977,['Public Enemy'],0.22,100533,0.509,1,48vNAy7OBkQMflPODOzLF7,0.0658,3,0.972,-17.333,0,Countdown To Armageddon,28,6/28/1988,0.0623,105.207,1,Public Enemy,East Coast hip hop,-1
0.0583,1989,0.904,['Peter Gabriel'],0.126,91960,0.0513,0,3XoxOg3PasTT0m067gtaP1,0.84,3,0.166,-27.163,0,In Doubt,25,6/5/1989,0.0402,176.98,1,Peter Gabriel,art rock,-1
0.038,1989,6.02e-06,['Bolt Thrower'],0.183,294600,0.99,0,2UnDZRV3PKN1Fa6q9lQOV8,0.744,11,0.0524,-6.715,0,World Eater,30,1/1/1989,0.191,82.537,1,Bolt Thrower,death-doom,-1
0.401,1990,0.826,['George Carlin'],0.519,287867,0.642,1,1i5kfP8O16EjvbsKXmJ8RQ,0.0,7,0.946,-15.185,1,Offensive Language,28,11/20/1990,0.894,109.43,1,George Carlin,character comedy,-1
0.0663,1990,0.795,['Nusrat Fateh Ali Khan'],0.171,238000,0.00372,0,55agfs0AP02LB7TUx4vxc8,0.96,8,0.0879,-32.128,1,Sea of Vapours,38,1/1/1990,0.057,116.854,1,Nusrat Fateh Ali Khan,classical,-1
0.542,1990,0.744,['George Carlin'],0.624,445067,0.69,1,5lWN28ah6ibcCTyc7RQTuO,0.0,1,0.791,-13.651,1,Feminist Blowjob,27,11/20/1990,0.947,85.129,1,George Carlin,character comedy,-1
0.316,1993,0.000225,['Van Halen'],0.163,292107,0.938,0,5EwwRbSyH5iL84MfuBn8Ci,0.545,2,0.995,-7.181,1,Judgement Day - Live,35,2/23/1993,0.0748,198.173,1,Van Halen,heavy metal,-1
0.248,1993,0.354,['Van Halen'],0.241,697533,0.604,0,0OXjHxbrmrkpvqudvzWlDR,0.865,9,0.887,-17.086,1,316 - Live,32,2/23/1993,0.0909,122.395,1,Van Halen,heavy metal,-1
0.919,1995,0.688,['Mobb Deep'],0.623,132627,0.207,1,41sW9ZPxYJCUj0Bw0jfJTT,0.0,10,0.581,-21.814,1,(The Infamous Prelude),38,4/25/1995,0.87,104.068,1,Mobb Deep,gangsta rap,-1
0.25,1997,0.602,['Insane Clown Posse'],0.587,297507,0.81,1,7lhP0vWeI5WFVf0ojd1ktc,1.7e-06,10,0.919,-5.943,0,Hellalujah,33,1/1/1997,0.466,98.747,1,Insane Clown Posse,Hip hop,-1
0.155,1998,0.00376,['Widespread Panic'],0.259,457560,0.942,0,0ZdEbHXX0kQmS9pnxgeB86,0.567,0,0.763,-7.963,1,Porch Song,32,1/1/1998,0.0813,104.631,1,Widespread Panic,blues rock,-1
0.0749,1999,0.5,['Moby'],0.252,309674,0.364,0,2kHEVqNRNSfwAE5HGGi4IL,0.974,2,0.621,-11.373,1,Memory Gospel (B-Sides),34,5/17/1999,0.0277,96.579,1,Moby,trip hop,-1
0.531,1999,0.269,['The Notorious B.I.G.'],0.732,228667,0.922,1,0r84JvUwU5LQ8iwIhXLNgR,0.0,10,0.914,-3.403,0,Niggas - 2005 Remaster,41,1/1/1999,0.502,93.784,1,The Notorious B.I.G.,Hip hop,-1
0.692,2000,0.0287,"['Nelly', 'St. Lunatics']",0.887,327267,0.554,1,5wnFU6UbMvNzNNKxQIWt3b,1.48e-06,2,0.977,-6.17,1,Steal The Show,35,6/27/2000,0.358,90.84,2,Nelly,Hip hop,-1
0.3,2001,6.68e-05,['Opeth'],0.251,555933,0.866,0,294Qb8EGfUjmZhaxROiLiV,0.657,9,0.6,-4.899,0,Bleak,38,2/27/2001,0.0737,94.98,1,Opeth,work=AllMusic,-1
0.142,2001,0.000333,['Opeth'],0.111,728333,0.856,0,4ghtc1qkwPW5CIjYrac1MJ,0.269,9,0.193,-6.716,1,Blackwater Park,38,2/27/2001,0.0793,80.065,1,Opeth,work=AllMusic,-1
0.0378,2002,0.696,['Queens of the Stone Age'],0.335,91947,0.0464,0,0Fl6Pl6w89IL1FWt8Uvg01,0.96,1,0.209,-35.71,1,The Real Song For The Deaf,36,1/1/2002,0.0693,60.069,1,Queens of the Stone Age,stoner rock,-1
0.0,2002,0.0,['Boards of Canada'],0.0,106480,0.0,0,10fcilqlC68N33eWF3rHa1,0.0,0,0.0,-60.0,0,Magic Window,37,2/19/2002,0.0,0.0,1,Boards of Canada,Electronic,-1
0.0341,2003,0.971,['Ennio Morricone'],0.0718,251653,0.0468,0,36ibflVOLrLTvFdtdeKbCd,0.909,4,0.0916,-22.929,1,Once upon a time in America (Deborah's Theme),41,1/1/2003,0.0441,78.421,1,Ennio Morricone,classical,-1
0.862,2003,0.461,['Immortal Technique'],0.746,318507,0.87,1,6fZaPdmxn2NfrO5LnZjwE1,0.0,6,0.577,-7.134,1,The 4th Branch,39,11/18/2003,0.341,75.861,1,Immortal Technique,Hip hop,-1
0.447,2003,0.0355,['The White Stripes'],0.191,108400,0.99,0,52vZfFJ4ZKLDabaTAH242l,0.575,9,0.0679,-4.086,1,Hypnotize,41,4/1/2003,0.53,184.103,1,The White Stripes,blues rock,-1
0.253,2008,0.815,['George Carlin'],0.62,156693,0.688,1,16MS3yh0e9AaKh7XQdaw6g,0.0,6,0.489,-12.144,1,Things We Say When People Die,41,4/1/2008,0.945,113.564,1,George Carlin,character comedy,-1
0.608,2009,0.896,['John Mulaney'],0.472,202240,0.837,0,4mrWEXIu1zLFlCQeipfCxF,0.0,1,0.876,-6.949,0,Drag Queens and Goth People,41,3/24/2009,0.92,58.794,1,John Mulaney,sketch comedy,-1
0.599,2009,0.874,['John Mulaney'],0.528,182000,0.863,0,7GoN10tu2DaLTimhQosBts,0.0,11,0.719,-5.989,0,Chase Through the Subway,41,3/24/2009,0.916,74.061,1,John Mulaney,sketch comedy,-1
0.536,2009,0.888,['John Mulaney'],0.511,251707,0.692,0,0DiVdH5f2xh63dlmIjC4cy,0.0,4,0.798,-7.04,1,Math and King Solomon,41,3/24/2009,0.935,61.362,1,John Mulaney,sketch comedy,-1
0.16,2010,0.582,['The Glitch Mob'],0.415,346267,0.528,0,4q1q6kCMwDf5YUsOkTPBLE,0.906,9,0.498,-12.208,1,"Starve The Ego, Feed The Soul",44,6/8/2010,0.158,79.911,1,The Glitch Mob,Glitch,-1
0.354,2011,0.788,['Patton Oswalt'],0.653,220987,0.944,1,6yjoLviIwT6onwNdzCQrm7,0.0,9,0.957,-4.52,1,The Parking Ticket,43,9/19/2011,0.891,115.911,1,Patton Oswalt,black comedy,-1
0.38,2012,0.743,['John Mulaney'],0.504,227413,0.884,1,0Nvu0LhApVvQiEIhIFhaQj,0.0,2,0.758,-6.899,0,Special Victims And Ice-T,44,1/31/2012,0.95,72.773,1,John Mulaney,sketch comedy,-1
0.0269,2013,0.979,['Jeremy Soule'],0.0746,364426,0.0749,0,5qjqvjJQ15sH6dIgXUzg5I,0.959,9,0.0744,-26.766,1,Masser,50,1/31/2013,0.0477,80.398,1,Jeremy Soule,classical,-1
0.038,2013,0.95,['Jeremy Soule'],0.125,249903,0.085,0,5OEXISM55Inhcs4Ea29Iej,0.958,3,0.0915,-25.433,1,Journey's End,50,1/31/2013,0.0405,71.455,1,Jeremy Soule,classical,-1
0.0327,2013,0.989,['Jeremy Soule'],0.0594,209104,0.0356,0,5ZTOYmie4S8M0mdpQyxptN,0.946,10,0.0896,-27.535,1,The White River,50,1/31/2013,0.0456,61.901,1,Jeremy Soule,classical,-1
0.163,2016,0.0915,"['21 Savage', 'Metro Boomin']",0.87,185467,0.225,1,5V57eUQoTrMCZqonhzi8B9,0.69,0,0.197,-10.915,0,Real Nigga,55,7/15/2016,0.362,155.97,2,21 Savage,Hip hop,-1
0.813,2020,0.461,"['Anderson .Paak', 'Rick Ross']",0.744,177040,0.777,1,68wXv4DokvcOVNvuJ7FbWp,0.0,0,0.767,-5.577,1,CUT EM IN (feat. Rick Ross),67,8/14/2020,0.353,158.052,2,Anderson .Paak,Hip hop,-1
